frame_idx,seg_idx,timestamp_ms,capture_to_submit_ms,submit_to_callback_ms,frame_age_ms,callback_to_gesture_ms,capture_to_gesture_ms,hands_detected
0,1,10283890,19.958,24.987,44.944,0.064,45.008,0
1,1,10283906,3.968,30.322,34.29,0.117,34.407,0
2,1,10283937,3.629,23.281,26.91,0.054,26.964,0
3,1,10283968,3.935,23.472,27.407,0.06,27.467,0
4,1,10284015,2.76,23.676,26.436,0.101,26.537,0
5,1,10284046,2.557,24.894,27.451,0.078,27.528,0
6,1,10284078,3.938,23.181,27.12,0.095,27.214,0
7,1,10284109,4.065,23.479,27.545,0.056,27.6,0
8,1,10284140,3.256,23.656,26.912,0.056,26.968,0
9,1,10284171,2.706,23.259,25.965,0.139,26.104,0
10,1,10284218,3.827,24.863,28.689,0.066,28.755,0
11,1,10284250,5.985,24.265,30.25,0.058,30.308,0
12,1,10284281,3.054,22.276,25.33,0.058,25.388,0
13,1,10284312,3.235,23.326,26.561,0.087,26.648,0
14,1,10284359,4.157,23.402,27.559,0.057,27.616,0
15,1,10284390,2.614,23.305,25.92,0.096,26.016,0
16,1,10284421,3.973,21.232,25.205,0.053,25.257,0
17,1,10284453,2.584,23.548,26.132,0.094,26.226,0
18,1,10284484,3.166,23.7,26.866,0.161,27.026,0
19,1,10284515,3.319,23.259,26.578,0.094,26.671,0
20,1,10284546,2.822,23.537,26.359,0.097,26.456,0
21,1,10284593,2.635,23.279,25.914,0.139,26.054,0
22,1,10284625,3.731,23.728,27.458,0.094,27.552,0
23,1,10284656,2.635,23.993,26.629,0.066,26.695,0
24,1,10284687,3.155,21.411,24.566,0.072,24.638,0
25,1,10284718,3.298,23.825,27.123,0.056,27.179,0
26,1,10284750,3.386,23.21,26.596,0.059,26.655,0
27,1,10284796,2.677,23.702,26.379,0.1,26.479,0
28,1,10284828,3.802,20.385,24.187,0.085,24.272,0
29,1,10284859,3.13,25.811,28.941,0.057,28.998,0
30,1,10284890,3.338,23.259,26.597,0.056,26.654,0
31,1,10284921,3.034,23.778,26.812,0.056,26.867,0
32,1,10284953,2.985,21.315,24.299,0.066,24.365,0
33,1,10285000,3.58,23.621,27.201,0.058,27.258,0
34,1,10285031,3.187,23.223,26.41,0.062,26.472,0
35,1,10285062,3.044,23.002,26.046,0.043,26.089,0
36,1,10285093,2.839,23.55,26.389,0.096,26.484,0
37,1,10285125,3.126,23.56,26.687,0.058,26.744,0
38,1,10285156,4.647,24.294,28.941,0.088,29.03,0
39,1,10285203,4.038,35.619,39.656,0.074,39.73,0
40,1,10285234,4.183,36.186,40.37,0.08,40.45,0
41,1,10285265,4.047,25.171,29.218,0.064,29.282,0
42,1,10285296,3.174,22.704,25.878,0.074,25.953,0
43,1,10285328,2.969,24.091,27.06,0.064,27.124,0
44,1,10285375,3.213,23.574,26.787,0.055,26.842,0
45,1,10285406,3.323,23.444,26.767,0.055,26.822,0
46,1,10285437,2.772,23.638,26.41,0.062,26.472,0
47,1,10285468,3.255,21.0,24.255,0.055,24.31,0
48,1,10285500,2.8,24.012,26.812,0.093,26.905,0
49,1,10285531,4.377,23.213,27.59,0.074,27.664,0
50,1,10285578,2.814,23.358,26.171,0.057,26.228,0
51,1,10285609,3.263,20.457,23.72,0.074,23.794,0
52,1,10285640,2.547,23.733,26.281,0.105,26.386,0
53,1,10285671,3.131,23.227,26.359,0.055,26.414,0
54,1,10285703,2.576,23.306,25.881,0.054,25.936,0
55,1,10285734,3.27,23.473,26.743,0.066,26.808,0
56,1,10285781,3.365,23.192,26.557,0.057,26.614,0
57,1,10285812,3.014,23.365,26.379,0.12,26.499,0
58,1,10285843,3.26,22.556,25.816,1.458,27.274,0
59,1,10285875,2.821,23.313,26.133,0.082,26.216,0
60,1,10285906,3.282,23.22,26.502,0.056,26.558,0
61,1,10285937,3.069,23.48,26.549,0.057,26.606,0
62,1,10285984,3.789,22.188,25.977,0.044,26.021,0
63,1,10286015,2.586,24.695,27.281,0.096,27.377,0
64,1,10286046,2.952,24.091,27.043,0.058,27.102,0
65,1,10286078,3.409,23.558,26.966,0.055,27.022,0
66,1,10286109,2.614,23.676,26.29,0.06,26.35,0
67,1,10286140,3.532,20.492,24.024,0.044,24.068,0
68,1,10286171,2.66,24.57,27.23,0.096,27.327,0
69,1,10286218,3.675,23.412,27.087,0.055,27.142,0
70,1,10286250,3.772,23.987,27.758,0.057,27.815,0
71,1,10286281,3.207,24.108,27.315,0.055,27.369,0
72,1,10286312,3.053,23.34,26.393,0.074,26.467,0
73,1,10286343,6.392,23.234,29.626,0.058,29.684,0
74,1,10286375,3.294,23.608,26.902,0.094,26.996,0
75,1,10286421,3.839,23.295,27.134,0.055,27.189,0
76,1,10286453,3.443,23.575,27.018,0.095,27.112,0
77,1,10286484,3.107,23.117,26.224,0.056,26.28,0
78,1,10286515,2.78,25.187,27.967,0.06,28.027,0
79,1,10286546,3.367,21.441,24.809,0.083,24.892,0
80,1,10286578,2.72,23.306,26.026,0.094,26.12,0
81,1,10286609,3.371,23.216,26.587,0.056,26.643,0
82,1,10286656,3.155,23.333,26.488,0.052,26.54,0
83,1,10286687,2.645,23.58,26.225,0.055,26.28,0
84,1,10286718,3.3,23.315,26.615,0.055,26.67,0
85,1,10286750,2.51,24.035,26.545,0.061,26.607,0
86,1,10286781,3.381,23.458,26.838,0.056,26.894,0
87,1,10286812,3.487,20.801,24.288,0.062,24.35,0
88,1,10286859,2.926,24.156,27.082,0.09,27.172,0
89,1,10286890,2.899,24.692,27.59,0.09,27.68,0
90,1,10286921,3.164,24.008,27.172,0.056,27.228,0
91,1,10286953,3.072,24.069,27.141,0.088,27.229,0
92,1,10286984,3.311,23.976,27.287,0.061,27.348,0
93,1,10287015,3.093,23.542,26.635,0.063,26.698,0
94,1,10287062,3.185,23.624,26.809,0.065,26.874,0
95,1,10287093,3.23,23.577,26.807,0.058,26.865,0
96,1,10287125,3.21,23.771,26.981,0.073,27.054,0
97,1,10287156,3.346,23.772,27.117,0.061,27.179,0
98,1,10287187,2.987,24.318,27.305,0.058,27.363,0
99,1,10287218,3.212,23.972,27.184,0.065,27.249,0
100,2,10287250,3.204,67.4,70.604,0.346,70.95,1
101,2,10287296,3.285,96.773,100.058,0.166,100.225,1
103,2,10287359,3.627,90.511,94.137,0.152,94.289,1
105,2,10287421,2.991,85.965,88.956,0.548,89.504,1
107,2,10287500,3.363,83.659,87.022,0.198,87.219,1
109,2,10287562,3.269,74.823,78.091,0.155,78.246,1
111,2,10287625,3.473,51.861,55.334,0.212,55.546,1
112,2,10287656,3.131,71.99,75.122,0.567,75.689,1
114,2,10287734,2.603,69.413,72.016,0.227,72.243,1
115,2,10287765,3.298,92.655,95.954,0.15,96.103,1
117,2,10287828,2.561,89.895,92.456,0.199,92.655,1
119,2,10287906,4.709,84.904,89.614,0.221,89.835,1
121,2,10287968,3.846,83.904,87.75,0.157,87.908,1
123,2,10288031,4.144,79.581,83.725,0.165,83.89,1
125,2,10288109,3.412,78.441,81.854,3.586,85.44,1
127,2,10288171,3.762,66.005,69.767,0.178,69.945,1
128,2,10288203,3.595,95.248,98.843,0.166,99.009,1
130,2,10288281,4.203,91.134,95.337,0.144,95.482,1
132,2,10288343,3.961,87.678,91.639,0.416,92.055,1
134,2,10288406,4.374,86.075,90.449,0.173,90.621,1
136,2,10288484,4.234,83.999,88.234,0.193,88.427,1
138,2,10288546,3.83,83.465,87.295,0.175,87.469,1
140,2,10288609,3.438,68.193,71.631,0.226,71.856,1
141,2,10288640,3.053,96.978,100.031,0.208,100.239,1
143,2,10288718,3.398,93.753,97.15,0.157,97.307,1
145,2,10288781,3.579,86.841,90.42,0.158,90.578,1
147,2,10288843,3.473,71.349,74.822,0.792,75.614,1
149,2,10288921,2.752,69.282,72.034,0.171,72.204,1
151,2,10288984,3.982,59.56,63.542,0.119,63.661,1
152,2,10289015,4.2,78.083,82.282,0.157,82.44,1
154,2,10289093,3.869,75.232,79.101,0.18,79.281,1
156,2,10289156,3.57,63.408,66.978,0.176,67.154,1
157,2,10289187,3.377,97.51,100.886,0.175,101.061,1
159,2,10289250,4.176,102.221,106.397,0.518,106.915,1
161,2,10289328,3.608,120.263,123.872,0.144,124.016,1
164,2,10289437,3.355,66.055,69.41,1.143,70.553,1
165,2,10289468,4.05,77.522,81.572,0.145,81.717,1
167,2,10289546,2.709,75.96,78.668,0.2,78.868,1
169,2,10289609,3.492,71.154,74.646,0.145,74.791,1
171,2,10289687,3.878,52.756,56.634,1.703,58.337,1
172,2,10289718,2.952,85.481,88.434,0.161,88.595,1
174,2,10289781,3.419,82.168,85.587,0.159,85.747,1
176,2,10289843,3.721,81.17,84.891,0.167,85.058,1
178,2,10289921,3.173,80.444,83.617,0.163,83.78,1
180,2,10289984,3.453,75.552,79.006,0.175,79.181,1
182,2,10290046,4.202,75.668,79.87,2.798,82.668,1
184,2,10290125,4.12,74.352,78.472,0.167,78.639,1
186,2,10290203,9.328,64.527,73.855,0.15,74.006,1
188,2,10290250,3.274,70.397,73.67,0.359,74.029,1
190,2,10290328,3.848,67.859,71.708,0.171,71.879,1
191,2,10290359,3.937,97.163,101.1,0.156,101.256,1
193,2,10290421,3.567,96.873,100.44,0.161,100.6,1
195,2,10290500,6.939,97.721,104.66,0.162,104.822,1
197,2,10290562,8.151,92.631,100.782,0.173,100.955,1
199,2,10290625,4.059,91.278,95.337,0.151,95.487,1
201,3,10290703,3.42,88.564,91.984,0.071,92.054,0
203,3,10290765,3.405,64.234,67.639,0.058,67.697,0
204,3,10290796,3.513,75.399,78.912,0.063,78.976,0
206,3,10290859,3.275,51.147,54.422,0.067,54.489,0
207,3,10290906,3.561,61.115,64.676,0.068,64.744,0
208,3,10290937,4.258,71.706,75.965,0.058,76.022,0
210,3,10291000,3.723,56.46,60.184,0.06,60.244,0
211,3,10291031,3.925,70.354,74.279,0.052,74.331,0
213,3,10291109,4.802,46.36,51.162,0.073,51.236,0
214,3,10291140,3.361,58.164,61.525,0.074,61.6,0
215,3,10291171,3.135,70.17,73.306,0.054,73.36,0
217,3,10291234,3.902,45.85,49.751,0.061,49.812,0
218,3,10291265,3.665,59.641,63.307,0.071,63.378,0
219,3,10291312,4.417,71.35,75.767,0.068,75.835,0
221,3,10291375,3.086,50.031,53.117,0.062,53.179,0
222,3,10291406,4.13,58.314,62.443,0.069,62.512,0
223,3,10291437,3.175,72.055,75.231,0.051,75.282,0
225,3,10291515,4.061,45.927,49.988,0.067,50.055,0
226,3,10291546,3.518,56.63,60.148,0.142,60.29,1
227,3,10291578,3.366,70.639,74.006,0.141,74.147,1
229,3,10291640,3.704,47.644,51.348,0.218,51.566,1
230,3,10291687,5.007,55.729,60.736,0.16,60.896,1
231,3,10291718,3.591,74.273,77.864,0.152,78.016,1
233,3,10291781,7.22,45.601,52.821,0.156,52.977,1
234,3,10291812,3.557,59.996,63.553,0.208,63.761,1
235,3,10291843,3.252,73.586,76.838,0.224,77.063,1
237,3,10291921,3.874,48.994,52.869,0.168,53.037,1
238,3,10291953,3.749,61.602,65.351,0.156,65.507,1
239,3,10291984,3.637,64.68,68.317,0.179,68.496,1
240,3,10292015,4.013,94.534,98.547,0.198,98.745,2
242,3,10292093,7.12,60.998,68.118,0.214,68.332,1
243,3,10292125,3.493,89.837,93.33,0.144,93.474,2
245,3,10292187,3.466,52.367,55.832,0.166,55.998,1
246,3,10292218,4.18,61.714,65.894,0.182,66.076,1
247,3,10292250,3.572,76.018,79.59,0.224,79.814,1
249,3,10292328,3.43,53.622,57.052,3.471,60.523,1
250,3,10292359,4.246,69.827,74.073,0.169,74.242,1
251,3,10292390,3.908,80.33,84.238,3.162,87.4,1
253,3,10292468,4.51,54.318,58.827,0.162,58.989,1
254,3,10292500,3.636,89.558,93.194,3.425,96.62,1
256,3,10292562,3.872,85.608,89.48,0.298,89.778,2
258,3,10292640,3.438,56.248,59.687,1.55,61.237,2
259,3,10292671,3.656,64.7,68.356,0.244,68.6,2
260,3,10292703,3.966,70.863,74.828,0.203,75.032,2
262,3,10292781,3.929,41.367,45.296,1.543,46.838,2
263,3,10292812,3.569,46.076,49.645,0.178,49.823,1
264,3,10292843,3.87,59.165,63.035,0.17,63.205,1
265,3,10292875,6.127,65.254,71.381,0.197,71.578,1
266,3,10292906,4.246,79.545,83.791,0.195,83.985,1
268,3,10292984,6.071,54.127,60.198,0.192,60.391,1
269,3,10293015,5.006,66.892,71.897,0.146,72.043,1
270,3,10293046,3.976,64.771,68.747,0.464,69.211,1
271,3,10293093,4.083,77.874,81.957,0.15,82.107,1
273,3,10293156,3.966,52.591,56.557,0.165,56.722,1
274,3,10293187,3.999,65.714,69.713,0.158,69.871,1
275,3,10293218,4.391,78.11,82.5,1.947,84.447,1
277,3,10293296,4.702,53.702,58.404,0.158,58.562,1
278,3,10293328,4.173,64.536,68.709,0.261,68.97,1
279,3,10293359,4.119,64.19,68.309,3.611,71.921,1
280,3,10293390,4.178,76.827,81.005,0.238,81.244,1
282,3,10293468,6.974,84.521,91.495,3.458,94.953,1
284,3,10293546,3.892,56.444,60.336,0.159,60.495,1
285,3,10293578,3.988,60.004,63.992,0.165,64.156,1
286,3,10293609,4.018,61.84,65.858,0.233,66.091,1
287,3,10293640,3.299,68.518,71.817,0.171,71.988,1
288,3,10293671,3.494,80.848,84.342,1.552,85.894,1
290,3,10293750,4.154,59.139,63.293,0.216,63.509,1
291,3,10293781,3.938,66.146,70.084,0.377,70.46,1
292,3,10293812,4.077,78.298,82.376,0.215,82.59,1
294,3,10293890,3.991,52.364,56.355,0.231,56.586,1
295,3,10293921,3.069,66.858,69.926,0.235,70.161,1
296,3,10293953,4.03,75.991,80.021,0.158,80.179,1
298,3,10294015,3.789,35.328,39.117,0.142,39.26,1
299,3,10294046,2.7,44.932,47.632,0.153,47.785,1
300,4,10294078,4.209,66.059,70.268,0.165,70.433,1
301,4,10294125,5.874,84.229,90.103,0.166,90.269,1
303,4,10294187,3.452,69.307,72.759,2.037,74.796,1
305,4,10294250,3.047,65.317,68.364,0.159,68.523,1
306,4,10294296,4.093,93.843,97.935,0.185,98.12,1
308,4,10294359,3.752,91.186,94.938,0.163,95.101,1
310,4,10294421,3.524,88.764,92.288,0.171,92.459,1
312,4,10294500,3.934,90.944,94.878,0.158,95.036,1
314,4,10294562,4.399,90.838,95.238,0.166,95.404,1
316,4,10294625,4.031,89.66,93.691,2.068,95.759,1
318,4,10294703,4.002,79.929,83.932,0.157,84.088,1
320,4,10294765,3.461,60.206,63.666,0.114,63.78,1
321,4,10294796,3.341,78.996,82.337,0.17,82.507,1
323,4,10294875,3.177,65.193,68.37,0.178,68.548,1
324,4,10294906,5.374,95.443,100.816,0.156,100.972,1
326,4,10294968,4.329,87.355,91.683,0.171,91.854,1
328,4,10295046,3.341,53.315,56.656,0.155,56.811,1
329,4,10295078,3.574,59.456,63.03,0.16,63.19,1
330,4,10295109,3.212,73.522,76.735,2.816,79.551,1
332,4,10295171,4.531,48.347,52.878,0.197,53.074,1
333,4,10295218,5.241,55.668,60.909,0.158,61.068,1
334,4,10295250,4.05,79.652,83.702,0.189,83.891,1
336,4,10295312,3.844,53.92,57.764,0.211,57.976,1
337,4,10295359,6.351,86.47,92.82,0.155,92.975,1
339,4,10295437,3.758,53.079,56.838,0.157,56.994,1
340,4,10295468,3.46,57.51,60.97,0.153,61.123,1
341,4,10295500,2.702,62.196,64.898,0.186,65.084,1
342,4,10295531,4.071,81.719,85.79,0.211,86.0,1
344,4,10295593,3.389,59.159,62.548,0.17,62.718,1
345,4,10295625,3.315,94.418,97.734,0.16,97.894,1
347,4,10295703,3.942,72.392,76.333,0.151,76.484,1
349,4,10295765,5.141,45.946,51.086,0.152,51.239,1
350,4,10295796,3.454,84.616,88.07,0.184,88.254,1
352,4,10295875,4.067,71.914,75.982,0.151,76.133,1
354,4,10295937,3.947,47.252,51.199,0.176,51.375,1
355,4,10295968,3.644,65.755,69.399,0.19,69.589,1
356,4,10296015,6.041,61.409,67.45,0.172,67.622,1
357,4,10296046,3.935,79.4,83.335,0.174,83.51,1
359,4,10296109,3.915,60.519,64.434,0.194,64.628,1
360,4,10296140,2.964,69.684,72.648,0.142,72.79,1
362,4,10296218,4.14,61.36,65.5,0.776,66.276,2
363,4,10296250,4.049,60.83,64.878,0.298,65.177,2
364,4,10296281,3.264,69.934,73.198,0.153,73.351,1
366,4,10296343,4.053,68.116,72.168,0.37,72.538,2
367,4,10296375,3.957,73.166,77.124,0.256,77.38,2
369,4,10296453,3.465,49.844,53.309,1.975,55.283,1
370,4,10296484,4.03,74.655,78.685,0.192,78.878,2
372,4,10296546,4.084,46.353,50.437,0.205,50.642,2
373,4,10296593,5.184,50.354,55.538,0.276,55.814,1
374,4,10296625,3.35,70.216,73.566,0.253,73.818,2
376,4,10296687,2.621,42.219,44.84,0.212,45.052,2
377,4,10296718,3.87,49.513,53.383,0.169,53.552,1
378,4,10296750,4.05,73.478,77.528,0.245,77.772,2
380,4,10296828,4.647,28.437,33.083,0.11,33.194,1
381,4,10296859,2.852,62.84,65.692,0.211,65.902,2
382,4,10296890,3.673,67.134,70.807,0.181,70.988,1
383,4,10296921,3.863,95.026,98.889,0.303,99.192,2
385,4,10297000,3.512,68.033,71.544,0.154,71.698,1
386,4,10297031,3.437,82.499,85.936,0.207,86.143,2
388,4,10297093,3.017,54.385,57.403,1.511,58.914,2
389,4,10297125,3.424,64.909,68.333,0.159,68.492,1
390,4,10297171,4.897,68.328,73.225,0.245,73.47,2
392,4,10297234,2.742,41.766,44.508,0.172,44.68,1
393,4,10297265,3.367,62.974,66.34,4.222,70.563,2
394,4,10297296,3.794,74.073,77.866,0.172,78.039,1
396,4,10297375,3.897,61.364,65.261,0.237,65.498,2
397,4,10297406,4.942,76.342,81.284,0.165,81.449,1
399,4,10297484,6.082,59.193,65.274,0.156,65.431,2
400,5,10297515,3.461,61.483,64.944,0.078,65.022,0
401,5,10297546,3.944,73.359,77.303,0.053,77.356,0
403,5,10297609,3.51,51.555,55.065,0.196,55.261,1
404,5,10297640,4.14,62.889,67.029,2.962,69.992,1
405,5,10297687,3.428,66.103,69.531,0.164,69.695,1
406,5,10297718,4.103,74.673,78.776,0.206,78.982,1
408,5,10297781,3.491,33.244,36.734,0.162,36.897,1
409,5,10297812,2.703,48.883,51.586,2.299,53.885,1
410,5,10297859,4.962,50.399,55.361,1.875,57.236,1
411,5,10297890,3.23,69.359,72.589,0.184,72.773,1
412,5,10297921,3.916,79.724,83.64,0.168,83.808,1
414,5,10297984,3.615,57.885,61.5,0.16,61.66,1
415,5,10298015,3.903,74.15,78.052,0.091,78.143,0
417,5,10298093,3.185,42.154,45.339,0.072,45.411,0
418,5,10298125,2.747,52.2,54.948,0.15,55.097,1
419,5,10298156,3.282,43.999,47.28,0.262,47.542,1
420,5,10298187,2.797,55.08,57.878,0.157,58.034,1
421,5,10298234,5.005,58.75,63.755,0.167,63.922,1
422,5,10298265,3.3,64.692,67.992,2.261,70.253,1
423,5,10298296,3.549,75.733,79.282,0.16,79.442,1
425,5,10298359,4.088,52.299,56.387,0.163,56.55,1
426,5,10298406,6.086,70.315,76.402,0.163,76.564,1
428,5,10298468,3.944,51.43,55.374,3.29,58.664,1
429,5,10298500,4.925,64.098,69.023,0.151,69.175,1
430,5,10298531,4.052,73.356,77.407,0.172,77.579,1
432,5,10298609,3.462,49.386,52.848,0.203,53.051,1
433,5,10298640,5.537,59.359,64.896,0.153,65.049,1
434,5,10298671,4.291,62.386,66.677,0.111,66.789,1
435,5,10298703,4.067,80.128,84.196,0.165,84.361,1
437,5,10298781,4.008,55.934,59.942,3.246,63.188,1
438,5,10298812,3.41,59.798,63.209,0.168,63.377,1
439,5,10298843,2.574,73.91,76.484,2.06,78.545,1
441,5,10298906,3.959,50.166,54.125,0.201,54.325,1
442,5,10298953,4.119,60.916,65.035,0.212,65.246,1
443,5,10298984,4.23,71.434,75.664,0.149,75.812,1
445,5,10299046,6.335,45.71,52.045,0.235,52.28,1
446,5,10299078,5.042,56.305,61.347,0.061,61.407,0
447,5,10299125,3.17,69.47,72.64,0.142,72.782,1
449,5,10299187,3.419,44.87,48.289,0.15,48.439,1
450,5,10299218,3.355,40.55,43.905,0.16,44.065,1
451,5,10299250,2.833,50.744,53.578,0.265,53.843,1
452,5,10299281,3.694,36.989,40.684,0.07,40.753,0
453,5,10299312,3.048,47.233,50.281,0.067,50.348,0
454,5,10299359,4.007,59.932,63.939,0.15,64.089,1
455,5,10299390,4.954,70.463,75.417,0.156,75.574,1
457,5,10299453,3.417,37.616,41.033,0.266,41.299,1
458,5,10299484,2.988,48.28,51.268,0.156,51.424,1
459,5,10299515,3.328,36.457,39.785,0.186,39.971,1
460,5,10299562,2.664,46.837,49.501,0.151,49.652,1
461,5,10299593,3.267,56.198,59.465,0.23,59.694,1
462,5,10299625,3.343,53.2,56.542,0.174,56.716,1
463,5,10299656,2.663,63.64,66.304,1.53,67.834,1
464,5,10299687,3.702,73.224,76.927,0.191,77.117,1
466,5,10299765,3.431,35.449,38.881,3.028,41.909,1
467,5,10299796,2.91,50.742,53.651,2.337,55.988,0
468,5,10299828,3.884,60.738,64.622,1.666,66.289,1
469,5,10299859,6.405,75.036,81.441,0.153,81.593,1
471,5,10299937,3.848,51.568,55.416,0.162,55.578,1
472,5,10299968,3.82,62.683,66.503,0.156,66.66,1
473,5,10300000,3.397,60.941,64.339,0.117,64.456,1
474,5,10300031,3.581,60.657,64.238,0.176,64.414,1
475,5,10300062,2.581,66.676,69.258,0.154,69.412,1
476,5,10300109,3.873,78.598,82.471,0.166,82.637,1
478,5,10300171,3.963,50.669,54.632,0.159,54.791,1
479,5,10300203,3.407,38.537,41.944,0.084,42.027,0
480,5,10300234,2.78,49.35,52.13,0.147,52.277,1
481,5,10300265,4.398,46.025,50.423,1.892,52.315,1
482,5,10300296,2.562,62.195,64.757,1.986,66.743,1
483,5,10300343,4.083,72.12,76.204,0.149,76.352,1
485,5,10300406,3.72,52.481,56.2,0.16,56.36,1
486,5,10300437,4.531,56.729,61.26,0.167,61.427,1
487,5,10300468,2.483,62.228,64.711,0.108,64.819,1
488,5,10300515,3.432,66.299,69.731,1.783,71.514,1
489,5,10300546,2.698,72.893,75.591,0.155,75.746,1
490,5,10300578,3.366,77.499,80.866,0.167,81.033,1
492,5,10300656,3.795,35.057,38.852,3.538,42.39,1
493,5,10300687,2.583,49.246,51.829,0.155,51.985,1
494,5,10300718,3.561,55.633,59.194,0.227,59.422,1
495,5,10300750,4.176,70.602,74.779,0.151,74.93,1
497,5,10300828,3.572,45.566,49.138,0.168,49.306,1
498,5,10300859,3.411,39.491,42.902,0.198,43.101,1
499,5,10300890,2.933,50.452,53.385,0.197,53.582,1
500,6,10300921,3.669,59.119,62.788,0.068,62.857,0
501,6,10300953,5.73,46.516,52.246,0.057,52.303,0
502,6,10300984,3.669,42.409,46.079,0.667,46.745,0
503,6,10301031,4.128,54.516,58.645,0.065,58.709,0
504,6,10301062,4.228,65.891,70.119,0.091,70.21,0
505,6,10301093,4.383,78.056,82.439,2.233,84.672,1
507,6,10301171,4.278,64.652,68.93,0.489,69.419,1
508,6,10301203,8.271,67.627,75.898,0.107,76.004,0
510,6,10301265,3.801,44.046,47.847,0.18,48.027,1
511,6,10301296,2.656,65.204,67.86,0.39,68.25,1
512,6,10301328,4.184,99.207,103.391,0.664,104.055,1
514,6,10301406,4.572,73.23,77.802,0.166,77.968,1
516,6,10301468,4.171,54.246,58.418,0.203,58.621,1
517,6,10301500,3.248,63.025,66.273,0.051,66.324,0
518,6,10301531,3.677,67.036,70.713,0.172,70.885,1
519,6,10301562,2.583,80.259,82.842,0.078,82.92,0
521,6,10301640,4.084,54.481,58.565,0.082,58.646,0
522,6,10301671,4.497,65.801,70.299,0.099,70.398,0
523,6,10301703,4.451,80.481,84.932,0.149,85.081,1
525,6,10301781,3.496,77.241,80.737,0.159,80.896,1
527,6,10301843,3.548,62.525,66.073,0.077,66.151,0
528,6,10301875,2.82,70.461,73.281,0.149,73.429,1
530,6,10301937,2.864,63.862,66.725,0.119,66.844,1
531,6,10301984,3.863,89.273,93.136,0.194,93.329,2
533,6,10302046,3.444,61.159,64.603,2.591,67.194,0
534,6,10302078,4.714,72.432,77.146,0.135,77.281,1
536,6,10302156,3.864,65.99,69.854,0.237,70.091,1
537,6,10302187,3.474,78.47,81.944,0.077,82.021,0
539,6,10302250,4.152,51.125,55.277,0.064,55.34,0
540,6,10302281,3.637,39.268,42.905,2.991,45.896,0
541,6,10302312,2.716,50.9,53.616,0.158,53.774,1
542,6,10302359,3.416,60.502,63.917,0.256,64.173,1
543,6,10302390,3.42,100.915,104.335,2.236,106.571,1
545,6,10302453,4.369,99.877,104.246,2.184,106.43,0
547,6,10302531,4.461,67.574,72.035,0.18,72.215,1
548,6,10302562,3.7,93.744,97.444,3.307,100.751,1
550,6,10302625,4.462,70.1,74.562,0.162,74.724,1
552,6,10302703,4.016,36.492,40.508,0.656,41.164,0
553,6,10302734,2.98,46.943,49.923,0.068,49.992,0
554,6,10302765,3.565,34.111,37.676,0.145,37.822,1
555,6,10302796,2.994,47.315,50.309,0.063,50.372,0
556,6,10302828,4.373,42.885,47.258,0.171,47.429,1
557,6,10302859,2.814,61.593,64.407,0.088,64.495,0
558,6,10302906,4.121,64.811,68.932,0.077,69.009,0
559,6,10302937,2.562,79.95,82.512,0.119,82.631,0
561,6,10303000,3.34,54.22,57.56,0.197,57.757,1
562,6,10303031,4.327,78.068,82.394,0.168,82.563,1
564,6,10303109,3.293,78.044,81.337,0.159,81.496,1
566,6,10303171,3.483,65.615,69.097,0.14,69.237,1
567,6,10303203,4.298,70.937,75.235,0.169,75.404,1
569,6,10303281,3.624,72.295,75.919,0.152,76.071,1
571,6,10303343,4.312,60.159,64.471,0.144,64.615,1
572,6,10303375,3.864,89.617,93.481,3.032,96.513,1
574,6,10303437,4.06,88.752,92.812,0.168,92.98,1
576,6,10303515,3.412,65.327,68.739,0.181,68.92,1
577,6,10303546,2.951,78.237,81.188,0.164,81.352,1
579,6,10303609,4.13,59.599,63.729,0.149,63.878,1
580,6,10303640,2.77,58.834,61.604,0.068,61.672,0
581,6,10303687,4.22,74.732,78.952,0.157,79.109,1
583,6,10303750,3.449,73.443,76.892,0.142,77.035,1
585,6,10303828,5.658,68.58,74.238,0.151,74.388,1
587,6,10303890,4.297,46.434,50.731,0.074,50.804,0
588,6,10303921,5.499,57.648,63.148,0.154,63.302,1
589,6,10303953,4.822,78.317,83.14,0.161,83.3,1
591,6,10304031,3.597,57.149,60.746,0.072,60.818,0
592,6,10304062,3.941,49.793,53.734,0.684,54.418,0
593,6,10304093,3.995,59.831,63.827,0.11,63.937,0
594,6,10304125,3.173,60.258,63.431,0.063,63.494,0
595,6,10304156,4.101,61.534,65.635,2.179,67.814,0
596,6,10304187,2.709,76.057,78.767,0.261,79.028,1
598,6,10304265,4.221,52.097,56.318,0.174,56.492,1
599,6,10304296,2.981,63.278,66.259,0.117,66.376,1
600,7,10304328,3.269,86.292,89.561,0.165,89.726,1
602,7,10304390,4.092,84.371,88.463,0.2,88.663,2
604,7,10304468,3.868,55.489,59.357,0.247,59.604,2
605,7,10304500,3.389,61.384,64.773,0.206,64.979,2
606,7,10304531,3.991,65.427,69.418,0.217,69.635,2
607,7,10304562,3.914,72.481,76.396,0.244,76.64,2
609,7,10304640,4.076,30.98,35.056,0.381,35.437,2
610,7,10304671,3.137,39.928,43.064,0.204,43.268,2
611,7,10304703,3.659,49.193,52.851,0.237,53.089,2
612,7,10304734,3.98,44.975,48.955,0.211,49.166,2
613,7,10304765,2.908,50.767,53.675,0.209,53.884,2
614,7,10304812,3.583,32.676,36.26,0.195,36.454,2
615,7,10304843,2.526,40.329,42.855,0.225,43.081,2
616,7,10304875,3.446,47.442,50.888,0.203,51.091,2
617,7,10304906,3.946,51.796,55.743,1.652,57.394,2
618,7,10304937,3.603,60.749,64.351,0.204,64.555,2
619,7,10304968,3.958,67.494,71.452,0.382,71.833,2
620,7,10305015,3.544,74.166,77.71,0.201,77.911,2
622,7,10305078,4.602,43.868,48.47,0.225,48.695,2
623,7,10305109,4.291,46.388,50.679,0.292,50.971,2
624,7,10305140,5.048,50.447,55.495,0.202,55.697,2
625,7,10305171,4.122,57.698,61.82,0.195,62.015,2
626,7,10305218,3.415,62.339,65.754,0.205,65.959,2
627,7,10305250,3.946,61.204,65.15,0.146,65.296,2
628,7,10305281,3.354,68.086,71.439,0.211,71.651,2
629,7,10305312,3.841,73.083,76.924,0.272,77.196,2
631,7,10305375,3.77,45.088,48.858,0.216,49.075,2
632,7,10305421,3.521,74.879,78.4,0.231,78.631,2
634,7,10305484,4.306,44.626,48.932,0.226,49.157,2
635,7,10305515,3.659,50.266,53.925,0.203,54.128,2
636,7,10305546,3.966,52.783,56.749,0.219,56.967,2
637,7,10305578,3.443,62.423,65.866,1.605,67.472,2
638,7,10305625,5.992,60.8,66.792,0.286,67.078,2
639,7,10305656,3.354,61.224,64.577,0.256,64.833,2
640,7,10305687,2.839,57.769,60.607,0.144,60.752,2
641,7,10305718,3.518,48.859,52.378,0.213,52.59,2
642,7,10305750,2.886,55.263,58.149,0.207,58.357,2
643,7,10305796,3.845,78.447,82.292,0.213,82.505,2
645,7,10305859,4.592,43.57,48.161,0.242,48.403,2
646,7,10305890,3.181,53.475,56.656,0.203,56.86,2
647,7,10305921,3.783,61.816,65.599,0.204,65.803,2
648,7,10305953,3.932,69.179,73.111,0.187,73.299,2
649,7,10306000,3.55,75.092,78.642,0.221,78.863,2
651,7,10306062,3.569,49.425,52.994,1.671,54.665,2
652,7,10306093,3.781,59.822,63.603,0.195,63.799,2
653,7,10306125,3.816,64.046,67.862,1.619,69.481,2
654,7,10306171,3.186,76.967,80.152,0.193,80.346,2
655,7,10306203,3.387,82.836,86.223,0.203,86.426,2
657,7,10306281,5.217,48.009,53.226,0.215,53.441,2
658,7,10306312,3.719,55.695,59.414,0.215,59.629,2
659,7,10306343,3.484,59.967,63.451,0.199,63.65,2
660,7,10306375,3.49,74.911,78.401,0.195,78.596,2
662,7,10306453,3.839,47.543,51.382,0.203,51.585,2
663,7,10306484,3.49,53.011,56.501,0.223,56.724,2
664,7,10306515,3.83,38.715,42.545,1.412,43.957,2
665,7,10306546,2.938,46.99,49.928,0.199,50.126,2
666,7,10306578,3.853,51.581,55.434,0.242,55.676,2
667,7,10306609,4.242,40.808,45.051,0.2,45.251,2
668,7,10306640,2.546,47.317,49.863,0.214,50.077,2
669,7,10306687,3.251,31.404,34.655,0.155,34.81,2
670,7,10306718,2.823,39.752,42.575,0.194,42.769,2
671,7,10306750,3.579,38.022,41.601,0.221,41.822,2
672,7,10306781,4.464,42.826,47.291,0.259,47.549,2
673,7,10306812,3.579,43.321,46.9,0.222,47.122,2
674,7,10306843,3.118,49.214,52.332,0.202,52.534,2
675,7,10306890,3.411,40.644,44.056,0.203,44.259,2
676,7,10306921,2.721,46.281,49.002,0.203,49.205,2
677,7,10306953,3.336,51.47,54.806,1.637,56.443,2
678,7,10306984,4.116,51.589,55.705,0.203,55.908,2
679,7,10307015,2.917,55.944,58.86,0.146,59.006,2
680,7,10307046,3.325,47.515,50.839,0.205,51.044,2
681,7,10307093,3.267,55.764,59.031,0.205,59.235,2
682,7,10307125,4.074,63.63,67.705,0.222,67.927,2
683,7,10307156,3.572,70.416,73.989,0.188,74.177,2
685,7,10307218,3.398,37.28,40.678,1.623,42.301,2
686,7,10307250,2.598,45.418,48.016,0.213,48.229,2
687,7,10307296,3.239,33.616,36.856,0.186,37.042,2
688,7,10307328,2.611,39.897,42.508,0.209,42.717,2
689,7,10307359,3.378,44.84,48.219,0.2,48.418,2
690,7,10307390,3.372,45.988,49.36,0.205,49.565,2
691,7,10307421,3.986,50.62,54.607,6.512,61.119,2
692,7,10307468,4.097,64.077,68.174,2.563,70.737,2
693,7,10307500,3.587,74.5,78.086,0.201,78.287,2
695,7,10307562,7.177,41.815,48.992,0.201,49.193,2
696,7,10307593,3.844,49.666,53.511,0.201,53.712,2
697,7,10307625,4.069,50.009,54.078,1.66,55.738,2
698,7,10307671,2.898,60.353,63.251,0.208,63.458,2
699,7,10307703,3.779,67.706,71.485,0.207,71.692,2
700,8,10307734,3.926,72.856,76.782,0.103,76.885,0
702,8,10307796,3.241,49.649,52.89,1.351,54.242,0
703,8,10307828,3.497,39.359,42.856,1.169,44.025,0
704,8,10307859,2.863,50.994,53.857,0.067,53.924,0
705,8,10307906,3.424,59.748,63.172,0.055,63.228,0
706,8,10307937,4.077,68.282,72.359,0.055,72.413,0
708,8,10308000,3.224,44.692,47.915,0.131,48.047,0
709,8,10308031,3.977,42.315,46.292,3.279,49.571,0
710,8,10308078,2.657,56.281,58.938,0.066,59.004,0
711,8,10308109,3.845,64.789,68.634,2.445,71.079,0
712,8,10308140,3.331,75.674,79.005,0.059,79.064,0
714,8,10308218,3.835,47.355,51.19,0.063,51.253,0
715,8,10308250,3.508,56.714,60.222,0.06,60.282,0
716,8,10308281,3.869,57.696,61.564,2.09,63.654,0
717,8,10308312,3.343,58.812,62.155,0.053,62.209,0
718,8,10308343,3.642,74.253,77.895,0.104,77.999,0
720,8,10308406,3.755,53.329,57.083,0.171,57.254,0
721,8,10308453,4.376,63.871,68.247,0.121,68.368,0
722,8,10308484,3.795,73.224,77.019,0.07,77.089,0
724,8,10308546,3.299,49.315,52.614,0.092,52.705,0
725,8,10308578,3.504,56.536,60.04,0.093,60.132,0
726,8,10308625,3.95,70.021,73.971,0.047,74.019,0
728,8,10308687,3.934,45.196,49.13,0.059,49.189,0
729,8,10308718,3.474,34.774,38.248,0.116,38.363,0
730,8,10308750,2.697,45.273,47.97,0.067,48.037,0
731,8,10308781,3.181,40.469,43.65,0.111,43.761,0
732,8,10308828,2.813,50.013,52.826,0.063,52.889,0
733,8,10308859,3.303,62.493,65.796,0.063,65.86,0
734,8,10308890,4.079,62.117,66.196,0.047,66.244,0
735,8,10308921,4.263,69.475,73.738,0.062,73.801,0
737,8,10309000,4.054,47.648,51.702,2.976,54.677,0
738,8,10309031,5.651,58.059,63.71,2.629,66.338,0
739,8,10309062,6.416,71.444,77.86,0.057,77.917,0
741,8,10309125,5.122,46.363,51.485,0.07,51.555,0
742,8,10309171,4.02,59.565,63.585,0.068,63.653,0
743,8,10309203,3.566,73.695,77.261,0.051,77.312,0
745,8,10309265,6.697,44.649,51.346,0.069,51.414,0
746,8,10309296,3.506,41.509,45.015,0.154,45.169,0
747,8,10309328,2.815,51.494,54.309,2.368,56.677,0
748,8,10309359,3.558,63.811,67.368,0.081,67.449,0
749,8,10309406,3.926,74.04,77.967,0.069,78.036,0
751,8,10309468,3.776,50.646,54.422,0.11,54.532,0
752,8,10309500,3.763,58.151,61.915,0.062,61.977,0
753,8,10309531,3.499,71.294,74.793,0.045,74.837,0
754,8,10309578,3.871,80.019,83.89,0.061,83.951,0
756,8,10309640,3.383,49.164,52.547,0.067,52.614,0
757,8,10309671,3.309,55.951,59.259,0.042,59.302,0
758,8,10309703,3.56,49.204,52.764,0.063,52.826,0
759,8,10309734,2.77,60.415,63.185,1.064,64.25,0
760,8,10309781,3.825,66.87,70.695,0.061,70.756,0
761,8,10309812,2.749,78.005,80.754,0.061,80.815,0
763,8,10309875,3.432,51.867,55.299,0.597,55.896,0
764,8,10309906,3.498,72.138,75.636,0.053,75.689,0
766,8,10309984,3.57,59.205,62.775,0.14,62.915,0
767,8,10310015,13.517,54.166,67.683,0.184,67.867,0
768,8,10310046,3.819,76.012,79.831,0.062,79.893,0
770,8,10310109,3.43,51.315,54.745,0.063,54.807,0
771,8,10310140,3.507,61.156,64.663,0.065,64.728,0
772,8,10310187,3.748,71.085,74.833,0.054,74.887,0
774,8,10310250,3.434,46.523,49.957,0.063,50.019,0
775,8,10310281,3.4,55.638,59.038,0.064,59.101,0
776,8,10310312,3.852,59.999,63.85,2.881,66.731,0
777,8,10310343,3.277,73.308,76.585,0.061,76.646,0
779,8,10310421,4.038,46.967,51.005,0.069,51.074,0
780,8,10310453,3.414,55.794,59.208,3.525,62.733,0
781,8,10310484,3.12,68.822,71.942,0.051,71.993,0
782,8,10310515,4.187,67.697,71.884,0.049,71.934,0
784,8,10310593,3.203,47.326,50.529,3.33,53.859,0
785,8,10310625,3.822,35.245,39.067,0.049,39.116,0
786,8,10310656,3.379,49.206,52.585,0.064,52.649,0
787,8,10310687,3.903,47.243,51.145,2.381,53.526,0
788,8,10310718,2.559,61.669,64.228,0.072,64.3,0
789,8,10310765,3.524,72.06,75.584,0.054,75.638,0
791,8,10310828,3.604,46.291,49.895,0.062,49.957,0
792,8,10310859,3.577,58.112,61.689,0.068,61.757,0
793,8,10310890,3.441,63.088,66.529,1.638,68.167,0
794,8,10310937,3.215,74.7,77.916,0.069,77.985,0
796,8,10311000,3.199,49.426,52.625,0.068,52.694,0
797,8,10311031,3.38,58.143,61.523,0.164,61.687,0
798,8,10311062,3.167,69.956,73.123,0.068,73.191,0
799,8,10311093,3.579,77.866,81.444,0.102,81.546,0
