candidate,trial,total_startup_ms,effective_fps,cpu_percent,resolution,subtype
A_OPENCV_MSMF_CONSTRUCTOR,1,8193.89,30.28,25.6,1280x720,RGB24 (MSMF default)
B_OPENCV_MSMF_SEQUENTIAL,1,7925.06,30.09,0.0,1280x720,RGB24 (MSMF default)
D_WINRT_MEDIA_FRAME_READER,1,594.71,29.99,0.0,1280x720,NV12
E_OPENCV_MSMF_THREADED,1,7810.51,32.65,0.0,1280x720,RGB24
A_OPENCV_MSMF_CONSTRUCTOR,2,7972.94,30.11,33.3,1280x720,RGB24 (MSMF default)
B_OPENCV_MSMF_SEQUENTIAL,2,7666.08,30.09,0.0,1280x720,RGB24 (MSMF default)
D_WINRT_MEDIA_FRAME_READER,2,589.3,30.11,0.0,1280x720,NV12
E_OPENCV_MSMF_THREADED,2,7757.44,32.71,0.0,1280x720,RGB24
A_OPENCV_MSMF_CONSTRUCTOR,3,7755.43,30.08,23.5,1280x720,RGB24 (MSMF default)
B_OPENCV_MSMF_SEQUENTIAL,3,7634.35,30.08,0.0,1280x720,RGB24 (MSMF default)
D_WINRT_MEDIA_FRAME_READER,3,601.91,30.09,0.0,1280x720,NV12
E_OPENCV_MSMF_THREADED,3,7695.56,32.72,0.0,1280x720,RGB24
