frame_idx,read_start_ns,read_end_ns,read_duration_ms,frame_interval_ms,is_duplicate,sensor_timestamp_status
1,65350236650400,65350250691400,14.041,14.043,False,TRUE SOURCE/SENSOR TIMESTAMP NOT OBSERVABLE THROUGH THIS API
2,65350250767600,65350279590800,28.823,28.899,False,TRUE SOURCE/SENSOR TIMESTAMP NOT OBSERVABLE THROUGH THIS API
3,65350280174500,65350310978900,30.804,31.388,False,TRUE SOURCE/SENSOR TIMESTAMP NOT OBSERVABLE THROUGH THIS API
4,65350311058700,65350341459500,30.401,30.481,False,TRUE SOURCE/SENSOR TIMESTAMP NOT OBSERVABLE THROUGH THIS API
5,65350341533700,65350375670100,34.136,34.211,False,TRUE SOURCE/SENSOR TIMESTAMP NOT OBSERVABLE THROUGH THIS API
6,65350375741600,65350405421100,29.68,29.751,False,TRUE SOURCE/SENSOR TIMESTAMP NOT OBSERVABLE THROUGH THIS API
7,65350405526700,65350439817500,34.291,34.396,False,TRUE SOURCE/SENSOR TIMESTAMP NOT OBSERVABLE THROUGH THIS API
8,65350439932600,65350471250500,31.318,31.433,False,TRUE SOURCE/SENSOR TIMESTAMP NOT OBSERVABLE THROUGH THIS API
9,65350471316600,65350502687600,31.371,31.437,False,TRUE SOURCE/SENSOR TIMESTAMP NOT OBSERVABLE THROUGH THIS API
10,65350502800800,65350537422700,34.622,34.735,False,TRUE SOURCE/SENSOR TIMESTAMP NOT OBSERVABLE THROUGH THIS API
11,65350537495100,65350585423900,47.929,48.001,False,TRUE SOURCE/SENSOR TIMESTAMP NOT OBSERVABLE THROUGH THIS API
12,65350585536000,65350614969900,29.434,29.546,False,TRUE SOURCE/SENSOR TIMESTAMP NOT OBSERVABLE THROUGH THIS API
13,65350615074500,65350644379900,29.305,29.41,False,TRUE SOURCE/SENSOR TIMESTAMP NOT OBSERVABLE THROUGH THIS API
14,65350644448700,65350676377800,31.929,31.998,False,TRUE SOURCE/SENSOR TIMESTAMP NOT OBSERVABLE THROUGH THIS API
15,65350676482300,65350710422600,33.94,34.045,False,TRUE SOURCE/SENSOR TIMESTAMP NOT OBSERVABLE THROUGH THIS API
16,65350710508000,65350741023200,30.515,30.601,False,TRUE SOURCE/SENSOR TIMESTAMP NOT OBSERVABLE THROUGH THIS API
17,65350741096600,65350773010700,31.914,31.988,False,TRUE SOURCE/SENSOR TIMESTAMP NOT OBSERVABLE THROUGH THIS API
18,65350773109700,65350806615800,33.506,33.605,False,TRUE SOURCE/SENSOR TIMESTAMP NOT OBSERVABLE THROUGH THIS API
19,65350806718400,65350837950200,31.232,31.334,False,TRUE SOURCE/SENSOR TIMESTAMP NOT OBSERVABLE THROUGH THIS API
20,65350838033400,65350869171300,31.138,31.221,False,TRUE SOURCE/SENSOR TIMESTAMP NOT OBSERVABLE THROUGH THIS API
21,65350869317200,65350902349300,33.032,33.178,False,TRUE SOURCE/SENSOR TIMESTAMP NOT OBSERVABLE THROUGH THIS API
22,65350902431300,65350935064600,32.633,32.715,False,TRUE SOURCE/SENSOR TIMESTAMP NOT OBSERVABLE THROUGH THIS API
23,65350935157000,65350964372200,29.215,29.308,False,TRUE SOURCE/SENSOR TIMESTAMP NOT OBSERVABLE THROUGH THIS API
24,65350964504200,65351030436400,65.932,66.064,False,TRUE SOURCE/SENSOR TIMESTAMP NOT OBSERVABLE THROUGH THIS API
25,65351030521300,65351062034500,31.513,31.598,False,TRUE SOURCE/SENSOR TIMESTAMP NOT OBSERVABLE THROUGH THIS API
26,65351062138300,65351092753600,30.615,30.719,False,TRUE SOURCE/SENSOR TIMESTAMP NOT OBSERVABLE THROUGH THIS API
27,65351092825300,65351126094800,33.27,33.341,False,TRUE SOURCE/SENSOR TIMESTAMP NOT OBSERVABLE THROUGH THIS API
28,65351126191000,65351159126600,32.936,33.032,False,TRUE SOURCE/SENSOR TIMESTAMP NOT OBSERVABLE THROUGH THIS API
29,65351159232400,65351206282500,47.05,47.156,False,TRUE SOURCE/SENSOR TIMESTAMP NOT OBSERVABLE THROUGH THIS API
30,65351206349300,65351238118400,31.769,31.836,False,TRUE SOURCE/SENSOR TIMESTAMP NOT OBSERVABLE THROUGH THIS API
31,65351238225000,65351241961300,3.736,3.843,True,TRUE SOURCE/SENSOR TIMESTAMP NOT OBSERVABLE THROUGH THIS API
32,65351242068700,65351271208100,29.139,29.247,False,TRUE SOURCE/SENSOR TIMESTAMP NOT OBSERVABLE THROUGH THIS API
33,65351271298000,65351302812400,31.514,31.604,False,TRUE SOURCE/SENSOR TIMESTAMP NOT OBSERVABLE THROUGH THIS API
34,65351302882000,65351333301400,30.419,30.489,False,TRUE SOURCE/SENSOR TIMESTAMP NOT OBSERVABLE THROUGH THIS API
35,65351333395100,65351366048600,32.654,32.747,False,TRUE SOURCE/SENSOR TIMESTAMP NOT OBSERVABLE THROUGH THIS API
36,65351366131200,65351430713700,64.582,64.665,False,TRUE SOURCE/SENSOR TIMESTAMP NOT OBSERVABLE THROUGH THIS API
37,65351430803200,65351462864300,32.061,32.151,False,TRUE SOURCE/SENSOR TIMESTAMP NOT OBSERVABLE THROUGH THIS API
38,65351462942500,65351492714800,29.772,29.851,False,TRUE SOURCE/SENSOR TIMESTAMP NOT OBSERVABLE THROUGH THIS API
39,65351492786600,65351525379900,32.593,32.665,False,TRUE SOURCE/SENSOR TIMESTAMP NOT OBSERVABLE THROUGH THIS API
40,65351525504300,65351557768500,32.264,32.389,False,TRUE SOURCE/SENSOR TIMESTAMP NOT OBSERVABLE THROUGH THIS API
41,65351557843400,65351589790600,31.947,32.022,False,TRUE SOURCE/SENSOR TIMESTAMP NOT OBSERVABLE THROUGH THIS API
42,65351589866200,65351620769200,30.903,30.979,False,TRUE SOURCE/SENSOR TIMESTAMP NOT OBSERVABLE THROUGH THIS API
43,65351620865600,65351652135400,31.27,31.366,False,TRUE SOURCE/SENSOR TIMESTAMP NOT OBSERVABLE THROUGH THIS API
44,65351652226100,65351684113600,31.887,31.978,False,TRUE SOURCE/SENSOR TIMESTAMP NOT OBSERVABLE THROUGH THIS API
45,65351684193700,65351718483900,34.29,34.37,False,TRUE SOURCE/SENSOR TIMESTAMP NOT OBSERVABLE THROUGH THIS API
46,65351718562200,65351749919200,31.357,31.435,False,TRUE SOURCE/SENSOR TIMESTAMP NOT OBSERVABLE THROUGH THIS API
47,65351750017600,65351781385500,31.368,31.466,False,TRUE SOURCE/SENSOR TIMESTAMP NOT OBSERVABLE THROUGH THIS API
48,65351781455100,65351814818400,33.363,33.433,False,TRUE SOURCE/SENSOR TIMESTAMP NOT OBSERVABLE THROUGH THIS API
49,65351814888000,65351864627200,49.739,49.809,False,TRUE SOURCE/SENSOR TIMESTAMP NOT OBSERVABLE THROUGH THIS API
50,65351864709800,65351896131500,31.422,31.504,False,TRUE SOURCE/SENSOR TIMESTAMP NOT OBSERVABLE THROUGH THIS API
51,65351896227300,65351925991000,29.764,29.86,False,TRUE SOURCE/SENSOR TIMESTAMP NOT OBSERVABLE THROUGH THIS API
52,65351926100000,65351958172300,32.072,32.181,False,TRUE SOURCE/SENSOR TIMESTAMP NOT OBSERVABLE THROUGH THIS API
53,65351958248100,65351988899100,30.651,30.727,False,TRUE SOURCE/SENSOR TIMESTAMP NOT OBSERVABLE THROUGH THIS API
54,65351988989300,65352022130200,33.141,33.231,False,TRUE SOURCE/SENSOR TIMESTAMP NOT OBSERVABLE THROUGH THIS API
55,65352022210600,65352053655300,31.445,31.525,False,TRUE SOURCE/SENSOR TIMESTAMP NOT OBSERVABLE THROUGH THIS API
56,65352053765300,65352086745600,32.98,33.09,False,TRUE SOURCE/SENSOR TIMESTAMP NOT OBSERVABLE THROUGH THIS API
57,65352086832500,65352116576200,29.744,29.831,False,TRUE SOURCE/SENSOR TIMESTAMP NOT OBSERVABLE THROUGH THIS API
58,65352116647700,65352148315900,31.668,31.74,False,TRUE SOURCE/SENSOR TIMESTAMP NOT OBSERVABLE THROUGH THIS API
59,65352148403500,65352182538600,34.135,34.223,False,TRUE SOURCE/SENSOR TIMESTAMP NOT OBSERVABLE THROUGH THIS API
60,65352182611900,65352213210400,30.599,30.672,False,TRUE SOURCE/SENSOR TIMESTAMP NOT OBSERVABLE THROUGH THIS API
61,65352213308900,65352246951900,33.643,33.742,False,TRUE SOURCE/SENSOR TIMESTAMP NOT OBSERVABLE THROUGH THIS API
62,65352247060700,65352276542700,29.482,29.591,False,TRUE SOURCE/SENSOR TIMESTAMP NOT OBSERVABLE THROUGH THIS API
63,65352276643700,65352310403900,33.76,33.861,False,TRUE SOURCE/SENSOR TIMESTAMP NOT OBSERVABLE THROUGH THIS API
64,65352310489800,65352343168800,32.679,32.765,False,TRUE SOURCE/SENSOR TIMESTAMP NOT OBSERVABLE THROUGH THIS API
65,65352343268700,65352372754100,29.485,29.585,False,TRUE SOURCE/SENSOR TIMESTAMP NOT OBSERVABLE THROUGH THIS API
66,65352372854000,65352406917600,34.064,34.163,False,TRUE SOURCE/SENSOR TIMESTAMP NOT OBSERVABLE THROUGH THIS API
67,65352407012900,65352438452900,31.44,31.535,False,TRUE SOURCE/SENSOR TIMESTAMP NOT OBSERVABLE THROUGH THIS API
68,65352438523800,65352485646200,47.122,47.193,False,TRUE SOURCE/SENSOR TIMESTAMP NOT OBSERVABLE THROUGH THIS API
69,65352485725700,65352518118900,32.393,32.473,False,TRUE SOURCE/SENSOR TIMESTAMP NOT OBSERVABLE THROUGH THIS API
70,65352518211400,65352550917400,32.706,32.798,False,TRUE SOURCE/SENSOR TIMESTAMP NOT OBSERVABLE THROUGH THIS API
71,65352551017200,65352581633100,30.616,30.716,False,TRUE SOURCE/SENSOR TIMESTAMP NOT OBSERVABLE THROUGH THIS API
72,65352581709700,65352614200500,32.491,32.567,False,TRUE SOURCE/SENSOR TIMESTAMP NOT OBSERVABLE THROUGH THIS API
73,65352614289700,65352645595100,31.305,31.395,False,TRUE SOURCE/SENSOR TIMESTAMP NOT OBSERVABLE THROUGH THIS API
74,65352645662800,65352678704500,33.042,33.109,False,TRUE SOURCE/SENSOR TIMESTAMP NOT OBSERVABLE THROUGH THIS API
75,65352678791400,65352710600500,31.809,31.896,False,TRUE SOURCE/SENSOR TIMESTAMP NOT OBSERVABLE THROUGH THIS API
76,65352710700700,65352741072900,30.372,30.472,False,TRUE SOURCE/SENSOR TIMESTAMP NOT OBSERVABLE THROUGH THIS API
77,65352741150800,65352773953300,32.803,32.88,False,TRUE SOURCE/SENSOR TIMESTAMP NOT OBSERVABLE THROUGH THIS API
78,65352774052600,65352804767100,30.715,30.814,False,TRUE SOURCE/SENSOR TIMESTAMP NOT OBSERVABLE THROUGH THIS API
79,65352804882000,65352836741900,31.86,31.975,False,TRUE SOURCE/SENSOR TIMESTAMP NOT OBSERVABLE THROUGH THIS API
80,65352836823200,65352868633100,31.81,31.891,False,TRUE SOURCE/SENSOR TIMESTAMP NOT OBSERVABLE THROUGH THIS API
81,65352868712200,65352902966400,34.254,34.333,False,TRUE SOURCE/SENSOR TIMESTAMP NOT OBSERVABLE THROUGH THIS API
82,65352903044900,65352933218300,30.173,30.252,False,TRUE SOURCE/SENSOR TIMESTAMP NOT OBSERVABLE THROUGH THIS API
83,65352933297000,65352965632200,32.335,32.414,False,TRUE SOURCE/SENSOR TIMESTAMP NOT OBSERVABLE THROUGH THIS API
84,65352965700500,65353029335300,63.635,63.703,False,TRUE SOURCE/SENSOR TIMESTAMP NOT OBSERVABLE THROUGH THIS API
85,65353029491300,65353063145700,33.654,33.81,False,TRUE SOURCE/SENSOR TIMESTAMP NOT OBSERVABLE THROUGH THIS API
86,65353063249100,65353094595200,31.346,31.45,False,TRUE SOURCE/SENSOR TIMESTAMP NOT OBSERVABLE THROUGH THIS API
87,65353094680800,65353141332200,46.651,46.737,False,TRUE SOURCE/SENSOR TIMESTAMP NOT OBSERVABLE THROUGH THIS API
88,65353141435200,65353144333500,2.898,3.001,True,TRUE SOURCE/SENSOR TIMESTAMP NOT OBSERVABLE THROUGH THIS API
89,65353144402300,65353174629500,30.227,30.296,False,TRUE SOURCE/SENSOR TIMESTAMP NOT OBSERVABLE THROUGH THIS API
90,65353174724500,65353207442000,32.718,32.812,False,TRUE SOURCE/SENSOR TIMESTAMP NOT OBSERVABLE THROUGH THIS API
91,65353207515700,65353238090700,30.575,30.649,False,TRUE SOURCE/SENSOR TIMESTAMP NOT OBSERVABLE THROUGH THIS API
92,65353238176500,65353270727900,32.551,32.637,False,TRUE SOURCE/SENSOR TIMESTAMP NOT OBSERVABLE THROUGH THIS API
93,65353270829100,65353303683200,32.854,32.955,False,TRUE SOURCE/SENSOR TIMESTAMP NOT OBSERVABLE THROUGH THIS API
94,65353303762200,65353335001500,31.239,31.318,False,TRUE SOURCE/SENSOR TIMESTAMP NOT OBSERVABLE THROUGH THIS API
95,65353335089800,65353367264400,32.175,32.263,False,TRUE SOURCE/SENSOR TIMESTAMP NOT OBSERVABLE THROUGH THIS API
96,65353367338800,65353431549400,64.211,64.285,False,TRUE SOURCE/SENSOR TIMESTAMP NOT OBSERVABLE THROUGH THIS API
97,65353431628400,65353466328100,34.7,34.779,False,TRUE SOURCE/SENSOR TIMESTAMP NOT OBSERVABLE THROUGH THIS API
98,65353466423600,65353493240200,26.817,26.912,False,TRUE SOURCE/SENSOR TIMESTAMP NOT OBSERVABLE THROUGH THIS API
99,65353493378500,65353527865600,34.487,34.625,False,TRUE SOURCE/SENSOR TIMESTAMP NOT OBSERVABLE THROUGH THIS API
100,65353527961400,65353557559900,29.599,29.694,False,TRUE SOURCE/SENSOR TIMESTAMP NOT OBSERVABLE THROUGH THIS API
101,65353557666400,65353589163000,31.497,31.603,False,TRUE SOURCE/SENSOR TIMESTAMP NOT OBSERVABLE THROUGH THIS API
102,65353589268100,65353626152400,36.884,36.989,False,TRUE SOURCE/SENSOR TIMESTAMP NOT OBSERVABLE THROUGH THIS API
103,65353626223500,65353654426100,28.203,28.274,False,TRUE SOURCE/SENSOR TIMESTAMP NOT OBSERVABLE THROUGH THIS API
104,65353654502900,65353686707700,32.205,32.282,False,TRUE SOURCE/SENSOR TIMESTAMP NOT OBSERVABLE THROUGH THIS API
105,65353686803800,65353719077700,32.274,32.37,False,TRUE SOURCE/SENSOR TIMESTAMP NOT OBSERVABLE THROUGH THIS API
106,65353719152600,65353765439600,46.287,46.362,False,TRUE SOURCE/SENSOR TIMESTAMP NOT OBSERVABLE THROUGH THIS API
107,65353765511900,65353799091800,33.58,33.652,False,TRUE SOURCE/SENSOR TIMESTAMP NOT OBSERVABLE THROUGH THIS API
108,65353799165600,65353833593200,34.428,34.501,False,TRUE SOURCE/SENSOR TIMESTAMP NOT OBSERVABLE THROUGH THIS API
109,65353833668000,65353861899900,28.232,28.307,False,TRUE SOURCE/SENSOR TIMESTAMP NOT OBSERVABLE THROUGH THIS API
110,65353862010800,65353895500500,33.49,33.601,False,TRUE SOURCE/SENSOR TIMESTAMP NOT OBSERVABLE THROUGH THIS API
111,65353895623600,65353925843100,30.22,30.343,False,TRUE SOURCE/SENSOR TIMESTAMP NOT OBSERVABLE THROUGH THIS API
112,65353925917700,65353958899000,32.981,33.056,False,TRUE SOURCE/SENSOR TIMESTAMP NOT OBSERVABLE THROUGH THIS API
113,65353959012200,65353991280800,32.269,32.382,False,TRUE SOURCE/SENSOR TIMESTAMP NOT OBSERVABLE THROUGH THIS API
114,65353991376900,65354023498700,32.122,32.218,False,TRUE SOURCE/SENSOR TIMESTAMP NOT OBSERVABLE THROUGH THIS API
115,65354023607300,65354055089000,31.482,31.59,False,TRUE SOURCE/SENSOR TIMESTAMP NOT OBSERVABLE THROUGH THIS API
116,65354055189200,65354089251600,34.062,34.163,False,TRUE SOURCE/SENSOR TIMESTAMP NOT OBSERVABLE THROUGH THIS API
117,65354089398600,65354118967500,29.569,29.716,False,TRUE SOURCE/SENSOR TIMESTAMP NOT OBSERVABLE THROUGH THIS API
118,65354119049900,65354152161500,33.112,33.194,False,TRUE SOURCE/SENSOR TIMESTAMP NOT OBSERVABLE THROUGH THIS API
119,65354152234400,65354183289100,31.055,31.128,False,TRUE SOURCE/SENSOR TIMESTAMP NOT OBSERVABLE THROUGH THIS API
120,65354183360000,65354214731000,31.371,31.442,False,TRUE SOURCE/SENSOR TIMESTAMP NOT OBSERVABLE THROUGH THIS API
121,65354214823100,65354249509700,34.687,34.779,False,TRUE SOURCE/SENSOR TIMESTAMP NOT OBSERVABLE THROUGH THIS API
122,65354249599400,65354278806700,29.207,29.297,False,TRUE SOURCE/SENSOR TIMESTAMP NOT OBSERVABLE THROUGH THIS API
123,65354278927100,65354310238900,31.312,31.432,False,TRUE SOURCE/SENSOR TIMESTAMP NOT OBSERVABLE THROUGH THIS API
124,65354310345200,65354343187000,32.842,32.948,False,TRUE SOURCE/SENSOR TIMESTAMP NOT OBSERVABLE THROUGH THIS API
125,65354343259000,65354374825900,31.567,31.639,False,TRUE SOURCE/SENSOR TIMESTAMP NOT OBSERVABLE THROUGH THIS API
126,65354374912600,65354421416100,46.504,46.59,False,TRUE SOURCE/SENSOR TIMESTAMP NOT OBSERVABLE THROUGH THIS API
127,65354421538500,65354455088600,33.55,33.672,False,TRUE SOURCE/SENSOR TIMESTAMP NOT OBSERVABLE THROUGH THIS API
128,65354455184600,65354485245900,30.061,30.157,False,TRUE SOURCE/SENSOR TIMESTAMP NOT OBSERVABLE THROUGH THIS API
129,65354485312200,65354520619500,35.307,35.374,False,TRUE SOURCE/SENSOR TIMESTAMP NOT OBSERVABLE THROUGH THIS API
130,65354520689900,65354553288700,32.599,32.669,False,TRUE SOURCE/SENSOR TIMESTAMP NOT OBSERVABLE THROUGH THIS API
131,65354553361000,65354581454600,28.094,28.166,False,TRUE SOURCE/SENSOR TIMESTAMP NOT OBSERVABLE THROUGH THIS API
132,65354581523100,65354615383000,33.86,33.928,False,TRUE SOURCE/SENSOR TIMESTAMP NOT OBSERVABLE THROUGH THIS API
133,65354615474000,65354647597800,32.124,32.215,False,TRUE SOURCE/SENSOR TIMESTAMP NOT OBSERVABLE THROUGH THIS API
134,65354647678700,65354678128600,30.45,30.531,False,TRUE SOURCE/SENSOR TIMESTAMP NOT OBSERVABLE THROUGH THIS API
135,65354678219300,65354711382100,33.163,33.254,False,TRUE SOURCE/SENSOR TIMESTAMP NOT OBSERVABLE THROUGH THIS API
136,65354711474400,65354742461600,30.987,31.079,False,TRUE SOURCE/SENSOR TIMESTAMP NOT OBSERVABLE THROUGH THIS API
137,65354742533000,65354775027500,32.495,32.566,False,TRUE SOURCE/SENSOR TIMESTAMP NOT OBSERVABLE THROUGH THIS API
138,65354775095700,65354806631900,31.536,31.604,False,TRUE SOURCE/SENSOR TIMESTAMP NOT OBSERVABLE THROUGH THIS API
139,65354806702100,65354837664400,30.962,31.032,False,TRUE SOURCE/SENSOR TIMESTAMP NOT OBSERVABLE THROUGH THIS API
140,65354837739100,65354871714300,33.975,34.05,False,TRUE SOURCE/SENSOR TIMESTAMP NOT OBSERVABLE THROUGH THIS API
141,65354871790500,65354903662300,31.872,31.948,False,TRUE SOURCE/SENSOR TIMESTAMP NOT OBSERVABLE THROUGH THIS API
142,65354903738800,65354935122500,31.384,31.46,False,TRUE SOURCE/SENSOR TIMESTAMP NOT OBSERVABLE THROUGH THIS API
143,65354935225000,65354965919700,30.695,30.797,False,TRUE SOURCE/SENSOR TIMESTAMP NOT OBSERVABLE THROUGH THIS API
144,65354965994700,65355047114000,81.119,81.194,False,TRUE SOURCE/SENSOR TIMESTAMP NOT OBSERVABLE THROUGH THIS API
145,65355047188500,65355077459100,30.271,30.345,False,TRUE SOURCE/SENSOR TIMESTAMP NOT OBSERVABLE THROUGH THIS API
146,65355077546300,65355082498800,4.952,5.04,True,TRUE SOURCE/SENSOR TIMESTAMP NOT OBSERVABLE THROUGH THIS API
147,65355082596100,65355110890100,28.294,28.391,False,TRUE SOURCE/SENSOR TIMESTAMP NOT OBSERVABLE THROUGH THIS API
148,65355110957100,65355142872500,31.915,31.982,False,TRUE SOURCE/SENSOR TIMESTAMP NOT OBSERVABLE THROUGH THIS API
149,65355142946900,65355174759900,31.813,31.887,False,TRUE SOURCE/SENSOR TIMESTAMP NOT OBSERVABLE THROUGH THIS API
150,65355174889700,65355207085600,32.196,32.326,False,TRUE SOURCE/SENSOR TIMESTAMP NOT OBSERVABLE THROUGH THIS API
151,65355207156200,65355238417700,31.262,31.332,False,TRUE SOURCE/SENSOR TIMESTAMP NOT OBSERVABLE THROUGH THIS API
152,65355238508400,65355271573100,33.065,33.155,False,TRUE SOURCE/SENSOR TIMESTAMP NOT OBSERVABLE THROUGH THIS API
153,65355271643000,65355302482200,30.839,30.909,False,TRUE SOURCE/SENSOR TIMESTAMP NOT OBSERVABLE THROUGH THIS API
154,65355302553900,65355335661200,33.107,33.179,False,TRUE SOURCE/SENSOR TIMESTAMP NOT OBSERVABLE THROUGH THIS API
155,65355335797700,65355367686600,31.889,32.025,False,TRUE SOURCE/SENSOR TIMESTAMP NOT OBSERVABLE THROUGH THIS API
156,65355367755400,65355431126100,63.371,63.44,False,TRUE SOURCE/SENSOR TIMESTAMP NOT OBSERVABLE THROUGH THIS API
157,65355431220800,65355463149500,31.929,32.023,False,TRUE SOURCE/SENSOR TIMESTAMP NOT OBSERVABLE THROUGH THIS API
158,65355463267100,65355495195400,31.928,32.046,False,TRUE SOURCE/SENSOR TIMESTAMP NOT OBSERVABLE THROUGH THIS API
159,65355495308000,65355525965800,30.658,30.77,False,TRUE SOURCE/SENSOR TIMESTAMP NOT OBSERVABLE THROUGH THIS API
160,65355526062000,65355560883100,34.821,34.917,False,TRUE SOURCE/SENSOR TIMESTAMP NOT OBSERVABLE THROUGH THIS API
161,65355560978700,65355592353700,31.375,31.471,False,TRUE SOURCE/SENSOR TIMESTAMP NOT OBSERVABLE THROUGH THIS API
162,65355592468700,65355622730100,30.261,30.376,False,TRUE SOURCE/SENSOR TIMESTAMP NOT OBSERVABLE THROUGH THIS API
163,65355622801400,65355655511400,32.71,32.781,False,TRUE SOURCE/SENSOR TIMESTAMP NOT OBSERVABLE THROUGH THIS API
164,65355655593600,65355702812600,47.219,47.301,False,TRUE SOURCE/SENSOR TIMESTAMP NOT OBSERVABLE THROUGH THIS API
165,65355702886900,65355737374800,34.488,34.562,False,TRUE SOURCE/SENSOR TIMESTAMP NOT OBSERVABLE THROUGH THIS API
166,65355737482200,65355742255400,4.773,4.881,True,TRUE SOURCE/SENSOR TIMESTAMP NOT OBSERVABLE THROUGH THIS API
167,65355742351600,65355766798100,24.447,24.543,False,TRUE SOURCE/SENSOR TIMESTAMP NOT OBSERVABLE THROUGH THIS API
168,65355766908300,65355830499000,63.591,63.701,False,TRUE SOURCE/SENSOR TIMESTAMP NOT OBSERVABLE THROUGH THIS API
169,65355830579500,65355862499500,31.92,32.001,False,TRUE SOURCE/SENSOR TIMESTAMP NOT OBSERVABLE THROUGH THIS API
170,65355862572700,65355894580600,32.008,32.081,False,TRUE SOURCE/SENSOR TIMESTAMP NOT OBSERVABLE THROUGH THIS API
171,65355894651700,65355926722500,32.071,32.142,False,TRUE SOURCE/SENSOR TIMESTAMP NOT OBSERVABLE THROUGH THIS API
172,65355926791000,65355959313800,32.523,32.591,False,TRUE SOURCE/SENSOR TIMESTAMP NOT OBSERVABLE THROUGH THIS API
173,65355959380700,65355993661800,34.281,34.348,False,TRUE SOURCE/SENSOR TIMESTAMP NOT OBSERVABLE THROUGH THIS API
174,65355993756900,65356022664700,28.908,29.003,False,TRUE SOURCE/SENSOR TIMESTAMP NOT OBSERVABLE THROUGH THIS API
175,65356022750400,65356054959900,32.209,32.295,False,TRUE SOURCE/SENSOR TIMESTAMP NOT OBSERVABLE THROUGH THIS API
176,65356055071400,65356087992400,32.921,33.032,False,TRUE SOURCE/SENSOR TIMESTAMP NOT OBSERVABLE THROUGH THIS API
177,65356088082200,65356118401400,30.319,30.409,False,TRUE SOURCE/SENSOR TIMESTAMP NOT OBSERVABLE THROUGH THIS API
178,65356118479700,65356151446700,32.967,33.045,False,TRUE SOURCE/SENSOR TIMESTAMP NOT OBSERVABLE THROUGH THIS API
179,65356151554900,65356182038800,30.484,30.592,False,TRUE SOURCE/SENSOR TIMESTAMP NOT OBSERVABLE THROUGH THIS API
180,65356182107700,65356215474500,33.367,33.436,False,TRUE SOURCE/SENSOR TIMESTAMP NOT OBSERVABLE THROUGH THIS API
181,65356215565500,65356245771000,30.206,30.297,False,TRUE SOURCE/SENSOR TIMESTAMP NOT OBSERVABLE THROUGH THIS API
182,65356245846400,65356277590700,31.744,31.82,False,TRUE SOURCE/SENSOR TIMESTAMP NOT OBSERVABLE THROUGH THIS API
183,65356277668500,65356326722500,49.054,49.132,False,TRUE SOURCE/SENSOR TIMESTAMP NOT OBSERVABLE THROUGH THIS API
184,65356326810100,65356358848800,32.039,32.126,False,TRUE SOURCE/SENSOR TIMESTAMP NOT OBSERVABLE THROUGH THIS API
185,65356358964500,65356390638900,31.674,31.79,False,TRUE SOURCE/SENSOR TIMESTAMP NOT OBSERVABLE THROUGH THIS API
186,65356390708700,65356424888500,34.18,34.25,False,TRUE SOURCE/SENSOR TIMESTAMP NOT OBSERVABLE THROUGH THIS API
187,65356424964700,65356457534900,32.57,32.646,False,TRUE SOURCE/SENSOR TIMESTAMP NOT OBSERVABLE THROUGH THIS API
188,65356457630300,65356486557600,28.927,29.023,False,TRUE SOURCE/SENSOR TIMESTAMP NOT OBSERVABLE THROUGH THIS API
189,65356486651900,65356519741400,33.09,33.184,False,TRUE SOURCE/SENSOR TIMESTAMP NOT OBSERVABLE THROUGH THIS API
190,65356519831600,65356549323400,29.492,29.582,False,TRUE SOURCE/SENSOR TIMESTAMP NOT OBSERVABLE THROUGH THIS API
191,65356549403900,65356583168600,33.765,33.845,False,TRUE SOURCE/SENSOR TIMESTAMP NOT OBSERVABLE THROUGH THIS API
192,65356583262300,65356615470000,32.208,32.301,False,TRUE SOURCE/SENSOR TIMESTAMP NOT OBSERVABLE THROUGH THIS API
193,65356615574100,65356645265600,29.692,29.796,False,TRUE SOURCE/SENSOR TIMESTAMP NOT OBSERVABLE THROUGH THIS API
194,65356645336900,65356680517400,35.181,35.252,False,TRUE SOURCE/SENSOR TIMESTAMP NOT OBSERVABLE THROUGH THIS API
195,65356680626500,65356710666100,30.04,30.149,False,TRUE SOURCE/SENSOR TIMESTAMP NOT OBSERVABLE THROUGH THIS API
196,65356710748600,65356742562500,31.814,31.896,False,TRUE SOURCE/SENSOR TIMESTAMP NOT OBSERVABLE THROUGH THIS API
197,65356742642500,65356775721900,33.079,33.159,False,TRUE SOURCE/SENSOR TIMESTAMP NOT OBSERVABLE THROUGH THIS API
198,65356775819800,65356807511100,31.691,31.789,False,TRUE SOURCE/SENSOR TIMESTAMP NOT OBSERVABLE THROUGH THIS API
199,65356807579700,65356838079000,30.499,30.568,False,TRUE SOURCE/SENSOR TIMESTAMP NOT OBSERVABLE THROUGH THIS API
200,65356838187600,65356869931100,31.744,31.852,False,TRUE SOURCE/SENSOR TIMESTAMP NOT OBSERVABLE THROUGH THIS API
201,65356870002000,65356900667600,30.666,30.736,False,TRUE SOURCE/SENSOR TIMESTAMP NOT OBSERVABLE THROUGH THIS API
202,65356900762400,65356935118500,34.356,34.451,False,TRUE SOURCE/SENSOR TIMESTAMP NOT OBSERVABLE THROUGH THIS API
203,65356935218800,65356981750600,46.532,46.632,False,TRUE SOURCE/SENSOR TIMESTAMP NOT OBSERVABLE THROUGH THIS API
204,65356981822100,65357012185500,30.363,30.435,False,TRUE SOURCE/SENSOR TIMESTAMP NOT OBSERVABLE THROUGH THIS API
205,65357012269200,65357045756100,33.487,33.571,False,TRUE SOURCE/SENSOR TIMESTAMP NOT OBSERVABLE THROUGH THIS API
206,65357045896700,65357078082900,32.186,32.327,False,TRUE SOURCE/SENSOR TIMESTAMP NOT OBSERVABLE THROUGH THIS API
207,65357078186500,65357108502000,30.316,30.419,False,TRUE SOURCE/SENSOR TIMESTAMP NOT OBSERVABLE THROUGH THIS API
208,65357108579500,65357142859400,34.28,34.357,False,TRUE SOURCE/SENSOR TIMESTAMP NOT OBSERVABLE THROUGH THIS API
209,65357142963500,65357173128400,30.165,30.269,False,TRUE SOURCE/SENSOR TIMESTAMP NOT OBSERVABLE THROUGH THIS API
210,65357173209200,65357205170500,31.961,32.042,False,TRUE SOURCE/SENSOR TIMESTAMP NOT OBSERVABLE THROUGH THIS API
211,65357205260500,65357238514700,33.254,33.344,False,TRUE SOURCE/SENSOR TIMESTAMP NOT OBSERVABLE THROUGH THIS API
212,65357238600200,65357269682000,31.082,31.167,False,TRUE SOURCE/SENSOR TIMESTAMP NOT OBSERVABLE THROUGH THIS API
213,65357269771300,65357302015200,32.244,32.333,False,TRUE SOURCE/SENSOR TIMESTAMP NOT OBSERVABLE THROUGH THIS API
214,65357302101900,65357333430400,31.328,31.415,False,TRUE SOURCE/SENSOR TIMESTAMP NOT OBSERVABLE THROUGH THIS API
215,65357333500000,65357367157000,33.657,33.727,False,TRUE SOURCE/SENSOR TIMESTAMP NOT OBSERVABLE THROUGH THIS API
216,65357367224000,65357431271400,64.047,64.114,False,TRUE SOURCE/SENSOR TIMESTAMP NOT OBSERVABLE THROUGH THIS API
217,65357431344600,65357462927900,31.583,31.657,False,TRUE SOURCE/SENSOR TIMESTAMP NOT OBSERVABLE THROUGH THIS API
218,65357463003200,65357495922300,32.919,32.994,False,TRUE SOURCE/SENSOR TIMESTAMP NOT OBSERVABLE THROUGH THIS API
219,65357496010100,65357524929800,28.92,29.008,False,TRUE SOURCE/SENSOR TIMESTAMP NOT OBSERVABLE THROUGH THIS API
220,65357525067400,65357558820600,33.753,33.891,False,TRUE SOURCE/SENSOR TIMESTAMP NOT OBSERVABLE THROUGH THIS API
221,65357558930700,65357606728700,47.798,47.908,False,TRUE SOURCE/SENSOR TIMESTAMP NOT OBSERVABLE THROUGH THIS API
222,65357606822200,65357638624000,31.802,31.895,False,TRUE SOURCE/SENSOR TIMESTAMP NOT OBSERVABLE THROUGH THIS API
223,65357638692900,65357643758700,5.066,5.135,True,TRUE SOURCE/SENSOR TIMESTAMP NOT OBSERVABLE THROUGH THIS API
224,65357643835500,65357670040500,26.205,26.282,False,TRUE SOURCE/SENSOR TIMESTAMP NOT OBSERVABLE THROUGH THIS API
225,65357670130800,65357702298500,32.168,32.258,False,TRUE SOURCE/SENSOR TIMESTAMP NOT OBSERVABLE THROUGH THIS API
226,65357702425800,65357734997600,32.572,32.699,False,TRUE SOURCE/SENSOR TIMESTAMP NOT OBSERVABLE THROUGH THIS API
227,65357735077700,65357766121700,31.044,31.124,False,TRUE SOURCE/SENSOR TIMESTAMP NOT OBSERVABLE THROUGH THIS API
228,65357766212400,65357830816500,64.604,64.695,False,TRUE SOURCE/SENSOR TIMESTAMP NOT OBSERVABLE THROUGH THIS API
229,65357830889100,65357862555200,31.666,31.739,False,TRUE SOURCE/SENSOR TIMESTAMP NOT OBSERVABLE THROUGH THIS API
230,65357862659100,65357893177900,30.519,30.623,False,TRUE SOURCE/SENSOR TIMESTAMP NOT OBSERVABLE THROUGH THIS API
231,65357893259100,65357926363900,33.105,33.186,False,TRUE SOURCE/SENSOR TIMESTAMP NOT OBSERVABLE THROUGH THIS API
232,65357926443600,65357958952900,32.509,32.589,False,TRUE SOURCE/SENSOR TIMESTAMP NOT OBSERVABLE THROUGH THIS API
233,65357959051500,65357990169700,31.118,31.217,False,TRUE SOURCE/SENSOR TIMESTAMP NOT OBSERVABLE THROUGH THIS API
234,65357990287000,65358022536300,32.249,32.367,False,TRUE SOURCE/SENSOR TIMESTAMP NOT OBSERVABLE THROUGH THIS API
235,65358022612000,65358053216800,30.605,30.68,False,TRUE SOURCE/SENSOR TIMESTAMP NOT OBSERVABLE THROUGH THIS API
236,65358053289000,65358086922900,33.634,33.706,False,TRUE SOURCE/SENSOR TIMESTAMP NOT OBSERVABLE THROUGH THIS API
237,65358087012600,65358117772100,30.759,30.849,False,TRUE SOURCE/SENSOR TIMESTAMP NOT OBSERVABLE THROUGH THIS API
238,65358117875600,65358151209800,33.334,33.438,False,TRUE SOURCE/SENSOR TIMESTAMP NOT OBSERVABLE THROUGH THIS API
239,65358151277500,65358183280900,32.003,32.071,False,TRUE SOURCE/SENSOR TIMESTAMP NOT OBSERVABLE THROUGH THIS API
240,65358183367000,65358216897600,33.531,33.617,False,TRUE SOURCE/SENSOR TIMESTAMP NOT OBSERVABLE THROUGH THIS API
241,65358216982600,65358264578100,47.596,47.681,False,TRUE SOURCE/SENSOR TIMESTAMP NOT OBSERVABLE THROUGH THIS API
242,65358264651800,65358294147300,29.495,29.569,False,TRUE SOURCE/SENSOR TIMESTAMP NOT OBSERVABLE THROUGH THIS API
243,65358294247600,65358326992100,32.745,32.845,False,TRUE SOURCE/SENSOR TIMESTAMP NOT OBSERVABLE THROUGH THIS API
244,65358327094900,65358359012700,31.918,32.021,False,TRUE SOURCE/SENSOR TIMESTAMP NOT OBSERVABLE THROUGH THIS API
245,65358359085600,65358389762000,30.676,30.749,False,TRUE SOURCE/SENSOR TIMESTAMP NOT OBSERVABLE THROUGH THIS API
246,65358389854000,65358424639200,34.785,34.877,False,TRUE SOURCE/SENSOR TIMESTAMP NOT OBSERVABLE THROUGH THIS API
247,65358424713700,65358454783400,30.07,30.144,False,TRUE SOURCE/SENSOR TIMESTAMP NOT OBSERVABLE THROUGH THIS API
248,65358454877300,65358486779400,31.902,31.996,False,TRUE SOURCE/SENSOR TIMESTAMP NOT OBSERVABLE THROUGH THIS API
249,65358486852000,65358516889900,30.038,30.11,False,TRUE SOURCE/SENSOR TIMESTAMP NOT OBSERVABLE THROUGH THIS API
250,65358516962200,65358549909200,32.947,33.019,False,TRUE SOURCE/SENSOR TIMESTAMP NOT OBSERVABLE THROUGH THIS API
251,65358549983800,65358582324300,32.34,32.415,False,TRUE SOURCE/SENSOR TIMESTAMP NOT OBSERVABLE THROUGH THIS API
252,65358582434200,65358614804400,32.37,32.48,False,TRUE SOURCE/SENSOR TIMESTAMP NOT OBSERVABLE THROUGH THIS API
253,65358614874000,65358647125600,32.252,32.321,False,TRUE SOURCE/SENSOR TIMESTAMP NOT OBSERVABLE THROUGH THIS API
254,65358647216300,65358678974200,31.758,31.849,False,TRUE SOURCE/SENSOR TIMESTAMP NOT OBSERVABLE THROUGH THIS API
255,65358679068700,65358710265200,31.197,31.291,False,TRUE SOURCE/SENSOR TIMESTAMP NOT OBSERVABLE THROUGH THIS API
256,65358710361500,65358742564100,32.203,32.299,False,TRUE SOURCE/SENSOR TIMESTAMP NOT OBSERVABLE THROUGH THIS API
257,65358742670600,65358775377500,32.707,32.813,False,TRUE SOURCE/SENSOR TIMESTAMP NOT OBSERVABLE THROUGH THIS API
258,65358775480300,65358804722600,29.242,29.345,False,TRUE SOURCE/SENSOR TIMESTAMP NOT OBSERVABLE THROUGH THIS API
259,65358804817800,65358838405300,33.587,33.683,False,TRUE SOURCE/SENSOR TIMESTAMP NOT OBSERVABLE THROUGH THIS API
260,65358838509700,65358887248900,48.739,48.844,False,TRUE SOURCE/SENSOR TIMESTAMP NOT OBSERVABLE THROUGH THIS API
261,65358887354300,65358917950200,30.596,30.701,False,TRUE SOURCE/SENSOR TIMESTAMP NOT OBSERVABLE THROUGH THIS API
262,65358918023300,65358950548500,32.525,32.598,False,TRUE SOURCE/SENSOR TIMESTAMP NOT OBSERVABLE THROUGH THIS API
263,65358950626100,65358984102400,33.476,33.554,False,TRUE SOURCE/SENSOR TIMESTAMP NOT OBSERVABLE THROUGH THIS API
264,65358984205900,65359014817900,30.612,30.715,False,TRUE SOURCE/SENSOR TIMESTAMP NOT OBSERVABLE THROUGH THIS API
265,65359014895800,65359046026500,31.131,31.209,False,TRUE SOURCE/SENSOR TIMESTAMP NOT OBSERVABLE THROUGH THIS API
266,65359046124000,65359078007000,31.883,31.98,False,TRUE SOURCE/SENSOR TIMESTAMP NOT OBSERVABLE THROUGH THIS API
267,65359078077700,65359109849000,31.771,31.842,False,TRUE SOURCE/SENSOR TIMESTAMP NOT OBSERVABLE THROUGH THIS API
268,65359109986900,65359141788900,31.802,31.94,False,TRUE SOURCE/SENSOR TIMESTAMP NOT OBSERVABLE THROUGH THIS API
269,65359141948600,65359173964800,32.016,32.176,False,TRUE SOURCE/SENSOR TIMESTAMP NOT OBSERVABLE THROUGH THIS API
270,65359174048200,65359206960900,32.913,32.996,False,TRUE SOURCE/SENSOR TIMESTAMP NOT OBSERVABLE THROUGH THIS API
271,65359207034900,65359238350100,31.315,31.389,False,TRUE SOURCE/SENSOR TIMESTAMP NOT OBSERVABLE THROUGH THIS API
272,65359238422300,65359268973200,30.551,30.623,False,TRUE SOURCE/SENSOR TIMESTAMP NOT OBSERVABLE THROUGH THIS API
273,65359269064500,65359302553200,33.489,33.58,False,TRUE SOURCE/SENSOR TIMESTAMP NOT OBSERVABLE THROUGH THIS API
274,65359302652700,65359333693200,31.041,31.14,False,TRUE SOURCE/SENSOR TIMESTAMP NOT OBSERVABLE THROUGH THIS API
275,65359333769000,65359366181900,32.413,32.489,False,TRUE SOURCE/SENSOR TIMESTAMP NOT OBSERVABLE THROUGH THIS API
276,65359366273100,65359428625800,62.353,62.444,False,TRUE SOURCE/SENSOR TIMESTAMP NOT OBSERVABLE THROUGH THIS API
277,65359428731100,65359462486200,33.755,33.86,False,TRUE SOURCE/SENSOR TIMESTAMP NOT OBSERVABLE THROUGH THIS API
278,65359462591800,65359494820600,32.229,32.334,False,TRUE SOURCE/SENSOR TIMESTAMP NOT OBSERVABLE THROUGH THIS API
279,65359494906400,65359543040600,48.134,48.22,False,TRUE SOURCE/SENSOR TIMESTAMP NOT OBSERVABLE THROUGH THIS API
280,65359543144600,65359572960700,29.816,29.92,False,TRUE SOURCE/SENSOR TIMESTAMP NOT OBSERVABLE THROUGH THIS API
281,65359573051400,65359577829300,4.778,4.869,True,TRUE SOURCE/SENSOR TIMESTAMP NOT OBSERVABLE THROUGH THIS API
282,65359577906000,65359605716100,27.81,27.887,False,TRUE SOURCE/SENSOR TIMESTAMP NOT OBSERVABLE THROUGH THIS API
283,65359605791800,65359637615500,31.824,31.899,False,TRUE SOURCE/SENSOR TIMESTAMP NOT OBSERVABLE THROUGH THIS API
284,65359637690700,65359670427200,32.736,32.812,False,TRUE SOURCE/SENSOR TIMESTAMP NOT OBSERVABLE THROUGH THIS API
285,65359670500200,65359700609100,30.109,30.182,False,TRUE SOURCE/SENSOR TIMESTAMP NOT OBSERVABLE THROUGH THIS API
286,65359700706800,65359734313500,33.607,33.704,False,TRUE SOURCE/SENSOR TIMESTAMP NOT OBSERVABLE THROUGH THIS API
287,65359734428800,65359765570100,31.141,31.257,False,TRUE SOURCE/SENSOR TIMESTAMP NOT OBSERVABLE THROUGH THIS API
288,65359765682700,65359830019600,64.337,64.45,False,TRUE SOURCE/SENSOR TIMESTAMP NOT OBSERVABLE THROUGH THIS API
289,65359830141700,65359862624900,32.483,32.605,False,TRUE SOURCE/SENSOR TIMESTAMP NOT OBSERVABLE THROUGH THIS API
290,65359862737900,65359894110500,31.373,31.486,False,TRUE SOURCE/SENSOR TIMESTAMP NOT OBSERVABLE THROUGH THIS API
291,65359894215600,65359924971300,30.756,30.861,False,TRUE SOURCE/SENSOR TIMESTAMP NOT OBSERVABLE THROUGH THIS API
292,65359925069500,65359959447500,34.378,34.476,False,TRUE SOURCE/SENSOR TIMESTAMP NOT OBSERVABLE THROUGH THIS API
293,65359959525200,65359991304000,31.779,31.857,False,TRUE SOURCE/SENSOR TIMESTAMP NOT OBSERVABLE THROUGH THIS API
294,65359991398000,65360020648900,29.251,29.345,False,TRUE SOURCE/SENSOR TIMESTAMP NOT OBSERVABLE THROUGH THIS API
295,65360020719700,65360053059000,32.339,32.41,False,TRUE SOURCE/SENSOR TIMESTAMP NOT OBSERVABLE THROUGH THIS API
296,65360053127000,65360086027300,32.9,32.968,False,TRUE SOURCE/SENSOR TIMESTAMP NOT OBSERVABLE THROUGH THIS API
297,65360086158200,65360118294900,32.137,32.268,False,TRUE SOURCE/SENSOR TIMESTAMP NOT OBSERVABLE THROUGH THIS API
298,65360118595600,65360166187600,47.592,47.893,False,TRUE SOURCE/SENSOR TIMESTAMP NOT OBSERVABLE THROUGH THIS API
299,65360166282400,65360197489400,31.207,31.302,False,TRUE SOURCE/SENSOR TIMESTAMP NOT OBSERVABLE THROUGH THIS API
300,65360197578500,65360230439900,32.861,32.95,False,TRUE SOURCE/SENSOR TIMESTAMP NOT OBSERVABLE THROUGH THIS API
