candidate,trial,frame_idx,source_timestamp_sec,app_receive_qpc_sec,delivery_age_ms,frame_interval_ms
MSMF_PROD_V2,1,1,N/A,68196.168152,N/A,3.303
MSMF_PROD_V2,1,2,N/A,68196.172909,N/A,6.428
MSMF_PROD_V2,1,3,N/A,68196.180165,N/A,14.268
MSMF_PROD_V2,1,4,N/A,68196.194908,N/A,34.139
MSMF_PROD_V2,1,5,N/A,68196.228437,N/A,46.773
MSMF_PROD_V2,1,6,N/A,68196.275483,N/A,29.961
MSMF_PROD_V2,1,7,N/A,68196.30525,N/A,32.168
MSMF_PROD_V2,1,8,N/A,68196.337935,N/A,33.489
MSMF_PROD_V2,1,9,N/A,68196.370916,N/A,29.256
MSMF_PROD_V2,1,10,N/A,68196.400664,N/A,34.262
MSMF_PROD_V2,1,11,N/A,68196.434935,N/A,31.381
MSMF_PROD_V2,1,12,N/A,68196.465462,N/A,31.853
MSMF_PROD_V2,1,13,N/A,68196.497888,N/A,31.499
MSMF_PROD_V2,1,14,N/A,68196.52887,N/A,33.839
MSMF_PROD_V2,1,15,N/A,68196.562728,N/A,31.692
MSMF_PROD_V2,1,16,N/A,68196.595262,N/A,32.652
MSMF_PROD_V2,1,17,N/A,68196.627433,N/A,45.436
MSMF_PROD_V2,1,18,N/A,68196.672451,N/A,34.125
MSMF_PROD_V2,1,19,N/A,68196.706827,N/A,31.166
MSMF_PROD_V2,1,20,N/A,68196.738056,N/A,30.669
MSMF_PROD_V2,1,21,N/A,68196.768944,N/A,34.392
MSMF_PROD_V2,1,22,N/A,68196.803135,N/A,31.024
MSMF_PROD_V2,1,23,N/A,68196.83395,N/A,31.524
MSMF_PROD_V2,1,24,N/A,68196.865816,N/A,34.085
MSMF_PROD_V2,1,25,N/A,68196.900374,N/A,29.378
MSMF_PROD_V2,1,26,N/A,68196.929915,N/A,33.55
MSMF_PROD_V2,1,27,N/A,68196.963537,N/A,31.959
MSMF_PROD_V2,1,28,N/A,68196.995158,N/A,31.574
MSMF_PROD_V2,1,29,N/A,68197.026741,N/A,47.977
MSMF_PROD_V2,1,30,N/A,68197.07411,N/A,33.476
MSMF_PROD_V2,1,31,N/A,68197.107854,N/A,29.474
MSMF_PROD_V2,1,32,N/A,68197.136953,N/A,33.446
MSMF_PROD_V2,1,33,N/A,68197.170569,N/A,32.853
MSMF_PROD_V2,1,34,N/A,68197.203826,N/A,31.782
MSMF_PROD_V2,1,35,N/A,68197.235298,N/A,31.45
MSMF_PROD_V2,1,36,N/A,68197.267327,N/A,32.01
MSMF_PROD_V2,1,37,N/A,68197.299207,N/A,32.12
MSMF_PROD_V2,1,38,N/A,68197.3313,N/A,36.153
MSMF_PROD_V2,1,39,N/A,68197.368828,N/A,27.309
MSMF_PROD_V2,1,40,N/A,68197.39463,N/A,33.962
MSMF_PROD_V2,1,41,N/A,68197.429405,N/A,46.215
MSMF_PROD_V2,1,42,N/A,68197.474516,N/A,32.414
MSMF_PROD_V2,1,43,N/A,68197.506865,N/A,30.773
MSMF_PROD_V2,1,44,N/A,68197.537344,N/A,33.95
MSMF_PROD_V2,1,45,N/A,68197.571511,N/A,31.757
MSMF_PROD_V2,1,46,N/A,68197.60301,N/A,31.484
MSMF_PROD_V2,1,47,N/A,68197.63443,N/A,32.918
MSMF_PROD_V2,1,48,N/A,68197.667748,N/A,31.356
MSMF_PROD_V2,1,49,N/A,68197.69897,N/A,31.764
MSMF_PROD_V2,1,50,N/A,68197.731003,N/A,32.472
MSMF_PROD_V2,1,51,N/A,68197.763176,N/A,30.143
MSMF_PROD_V2,1,52,N/A,68197.793368,N/A,34.243
MSMF_PROD_V2,1,53,N/A,68197.827596,N/A,47.502
MSMF_PROD_V2,1,54,N/A,68197.875245,N/A,30.268
MSMF_PROD_V2,1,55,N/A,68197.905142,N/A,31.618
MSMF_PROD_V2,1,56,N/A,68197.937575,N/A,33.271
MSMF_PROD_V2,1,57,N/A,68197.970288,N/A,31.426
MSMF_PROD_V2,1,58,N/A,68198.001735,N/A,34.079
MSMF_PROD_V2,1,59,N/A,68198.035887,N/A,30.498
MSMF_PROD_V2,1,60,N/A,68198.066067,N/A,31.152
MSMF_PROD_V2,1,61,N/A,68198.097498,N/A,32.76
MSMF_PROD_V2,1,62,N/A,68198.130907,N/A,30.703
MSMF_PROD_V2,1,63,N/A,68198.160749,N/A,33.317
MSMF_PROD_V2,1,64,N/A,68198.194529,N/A,30.005
MSMF_PROD_V2,1,65,N/A,68198.224083,N/A,49.748
MSMF_PROD_V2,1,66,N/A,68198.273774,N/A,30.436
MSMF_PROD_V2,1,67,N/A,68198.304937,N/A,34.715
MSMF_PROD_V2,1,68,N/A,68198.339193,N/A,29.428
MSMF_PROD_V2,1,69,N/A,68198.368619,N/A,32.005
MSMF_PROD_V2,1,70,N/A,68198.400897,N/A,33.954
MSMF_PROD_V2,1,71,N/A,68198.434554,N/A,31.012
MSMF_PROD_V2,1,72,N/A,68198.465542,N/A,32.857
MSMF_PROD_V2,1,73,N/A,68198.498651,N/A,32.169
MSMF_PROD_V2,1,74,N/A,68198.530265,N/A,30.152
MSMF_PROD_V2,1,75,N/A,68198.560764,N/A,33.619
MSMF_PROD_V2,1,76,N/A,68198.59476,N/A,31.675
MSMF_PROD_V2,1,77,N/A,68198.625876,N/A,48.402
MSMF_PROD_V2,1,78,N/A,68198.674412,N/A,32.975
MSMF_PROD_V2,1,79,N/A,68198.707214,N/A,30.255
MSMF_PROD_V2,1,80,N/A,68198.737744,N/A,32.42
MSMF_PROD_V2,1,81,N/A,68198.770026,N/A,34.728
MSMF_PROD_V2,1,82,N/A,68198.80449,N/A,30.12
MSMF_PROD_V2,1,83,N/A,68198.834674,N/A,32.402
MSMF_PROD_V2,1,84,N/A,68198.867506,N/A,30.69
MSMF_PROD_V2,1,85,N/A,68198.898181,N/A,32.284
MSMF_PROD_V2,1,86,N/A,68198.929965,N/A,32.306
MSMF_PROD_V2,1,87,N/A,68198.962748,N/A,32.339
MSMF_PROD_V2,1,88,N/A,68198.994713,N/A,31.864
MSMF_PROD_V2,1,89,N/A,68199.026621,N/A,48.156
MSMF_PROD_V2,1,90,N/A,68199.074657,N/A,32.285
MSMF_PROD_V2,1,91,N/A,68199.107775,N/A,31.501
MSMF_PROD_V2,1,92,N/A,68199.138764,N/A,32.597
MSMF_PROD_V2,1,93,N/A,68199.171447,N/A,31.821
MSMF_PROD_V2,1,94,N/A,68199.202954,N/A,31.884
MSMF_PROD_V2,1,95,N/A,68199.235256,N/A,32.994
MSMF_PROD_V2,1,96,N/A,68199.268124,N/A,29.032
MSMF_PROD_V2,1,97,N/A,68199.296893,N/A,33.418
MSMF_PROD_V2,1,98,N/A,68199.330328,N/A,32.229
MSMF_PROD_V2,1,99,N/A,68199.362989,N/A,32.094
MSMF_PROD_V2,1,100,N/A,68199.394653,N/A,32.499
MSMF_PROD_V2,2,1,N/A,68208.885693,N/A,3.353
MSMF_PROD_V2,2,2,N/A,68208.890562,N/A,29.953
MSMF_PROD_V2,2,3,N/A,68208.921347,N/A,32.042
MSMF_PROD_V2,2,4,N/A,68208.953295,N/A,30.708
MSMF_PROD_V2,2,5,N/A,68208.983655,N/A,48.944
MSMF_PROD_V2,2,6,N/A,68209.032659,N/A,32.968
MSMF_PROD_V2,2,7,N/A,68209.065931,N/A,29.911
MSMF_PROD_V2,2,8,N/A,68209.09557,N/A,33.503
MSMF_PROD_V2,2,9,N/A,68209.129051,N/A,32.266
MSMF_PROD_V2,2,10,N/A,68209.161582,N/A,30.917
MSMF_PROD_V2,2,11,N/A,68209.192118,N/A,33.045
MSMF_PROD_V2,2,12,N/A,68209.225344,N/A,31.859
MSMF_PROD_V2,2,13,N/A,68209.257274,N/A,32.012
MSMF_PROD_V2,2,14,N/A,68209.28928,N/A,32.66
MSMF_PROD_V2,2,15,N/A,68209.321964,N/A,31.384
MSMF_PROD_V2,2,16,N/A,68209.353147,N/A,31.547
MSMF_PROD_V2,2,17,N/A,68209.384966,N/A,46.88
MSMF_PROD_V2,2,18,N/A,68209.432402,N/A,33.386
MSMF_PROD_V2,2,19,N/A,68209.46529,N/A,31.902
MSMF_PROD_V2,2,20,N/A,68209.497011,N/A,31.609
MSMF_PROD_V2,2,21,N/A,68209.528819,N/A,33.986
MSMF_PROD_V2,2,22,N/A,68209.563813,N/A,30.733
MSMF_PROD_V2,2,23,N/A,68209.59326,N/A,32.287
MSMF_PROD_V2,2,24,N/A,68209.625963,N/A,30.25
MSMF_PROD_V2,2,25,N/A,68209.655886,N/A,31.796
MSMF_PROD_V2,2,26,N/A,68209.688028,N/A,33.417
MSMF_PROD_V2,2,27,N/A,68209.720977,N/A,32.309
MSMF_PROD_V2,2,28,N/A,68209.75316,N/A,33.173
MSMF_PROD_V2,2,29,N/A,68209.787026,N/A,48.99
MSMF_PROD_V2,2,30,N/A,68209.835544,N/A,28.708
MSMF_PROD_V2,2,31,N/A,68209.864171,N/A,33.185
MSMF_PROD_V2,2,32,N/A,68209.897391,N/A,31.108
MSMF_PROD_V2,2,33,N/A,68209.928624,N/A,33.11
MSMF_PROD_V2,2,34,N/A,68209.961475,N/A,32.006
MSMF_PROD_V2,2,35,N/A,68209.993587,N/A,30.618
MSMF_PROD_V2,2,36,N/A,68210.024546,N/A,31.751
MSMF_PROD_V2,2,37,N/A,68210.056698,N/A,34.267
MSMF_PROD_V2,2,38,N/A,68210.092327,N/A,30.715
MSMF_PROD_V2,2,39,N/A,68210.121377,N/A,32.793
MSMF_PROD_V2,2,40,N/A,68210.153826,N/A,31.0
MSMF_PROD_V2,2,41,N/A,68210.186348,N/A,50.736
MSMF_PROD_V2,2,42,N/A,68210.23796,N/A,30.086
MSMF_PROD_V2,2,43,N/A,68210.266232,N/A,32.83
MSMF_PROD_V2,2,44,N/A,68210.29855,N/A,30.131
MSMF_PROD_V2,2,45,N/A,68210.328624,N/A,32.603
MSMF_PROD_V2,2,46,N/A,68210.36183,N/A,30.75
MSMF_PROD_V2,2,47,N/A,68210.391845,N/A,33.699
MSMF_PROD_V2,2,48,N/A,68210.425794,N/A,31.662
MSMF_PROD_V2,2,49,N/A,68210.457795,N/A,31.545
MSMF_PROD_V2,2,50,N/A,68210.488756,N/A,32.249
MSMF_PROD_V2,2,51,N/A,68210.520894,N/A,32.424
MSMF_PROD_V2,2,52,N/A,68210.554062,N/A,31.837
MSMF_PROD_V2,2,53,N/A,68210.585549,N/A,47.917
MSMF_PROD_V2,2,54,N/A,68210.63328,N/A,32.512
MSMF_PROD_V2,2,55,N/A,68210.66573,N/A,30.132
MSMF_PROD_V2,2,56,N/A,68210.695874,N/A,32.786
MSMF_PROD_V2,2,57,N/A,68210.729229,N/A,32.897
MSMF_PROD_V2,2,58,N/A,68210.762257,N/A,31.904
MSMF_PROD_V2,2,59,N/A,68210.794205,N/A,32.024
MSMF_PROD_V2,2,60,N/A,68210.82602,N/A,30.708
MSMF_PROD_V2,2,61,N/A,68210.857153,N/A,31.968
MSMF_PROD_V2,2,62,N/A,68210.888627,N/A,32.332
MSMF_PROD_V2,2,63,N/A,68210.921215,N/A,31.736
MSMF_PROD_V2,2,64,N/A,68210.952828,N/A,32.837
MSMF_PROD_V2,2,65,N/A,68210.985541,N/A,47.864
MSMF_PROD_V2,2,66,N/A,68211.033072,N/A,32.009
MSMF_PROD_V2,2,67,N/A,68211.065535,N/A,30.506
MSMF_PROD_V2,2,68,N/A,68211.095779,N/A,33.545
MSMF_PROD_V2,2,69,N/A,68211.129895,N/A,33.255
MSMF_PROD_V2,2,70,N/A,68211.163065,N/A,31.354
MSMF_PROD_V2,2,71,N/A,68211.194043,N/A,29.223
MSMF_PROD_V2,2,72,N/A,68211.223001,N/A,34.592
MSMF_PROD_V2,2,73,N/A,68211.257621,N/A,31.677
MSMF_PROD_V2,2,74,N/A,68211.289075,N/A,32.754
MSMF_PROD_V2,2,75,N/A,68211.322778,N/A,30.454
MSMF_PROD_V2,2,76,N/A,68211.352323,N/A,33.631
MSMF_PROD_V2,2,77,N/A,68211.386013,N/A,48.693
MSMF_PROD_V2,2,78,N/A,68211.434788,N/A,29.176
MSMF_PROD_V2,2,79,N/A,68211.464157,N/A,33.816
MSMF_PROD_V2,2,80,N/A,68211.498023,N/A,30.762
MSMF_PROD_V2,2,81,N/A,68211.529089,N/A,32.928
MSMF_PROD_V2,2,82,N/A,68211.561258,N/A,31.086
MSMF_PROD_V2,2,83,N/A,68211.592705,N/A,31.155
MSMF_PROD_V2,2,84,N/A,68211.623797,N/A,33.592
MSMF_PROD_V2,2,85,N/A,68211.657387,N/A,31.617
MSMF_PROD_V2,2,86,N/A,68211.689567,N/A,32.453
MSMF_PROD_V2,2,87,N/A,68211.721144,N/A,31.933
MSMF_PROD_V2,2,88,N/A,68211.75315,N/A,32.465
MSMF_PROD_V2,2,89,N/A,68211.786373,N/A,48.131
MSMF_PROD_V2,2,90,N/A,68211.83472,N/A,29.984
MSMF_PROD_V2,2,91,N/A,68211.864173,N/A,34.068
MSMF_PROD_V2,2,92,N/A,68211.898312,N/A,30.269
MSMF_PROD_V2,2,93,N/A,68211.928106,N/A,33.253
MSMF_PROD_V2,2,94,N/A,68211.961626,N/A,32.513
MSMF_PROD_V2,2,95,N/A,68211.994358,N/A,30.509
MSMF_PROD_V2,2,96,N/A,68212.024188,N/A,33.793
MSMF_PROD_V2,2,97,N/A,68212.058502,N/A,29.934
MSMF_PROD_V2,2,98,N/A,68212.088105,N/A,33.325
MSMF_PROD_V2,2,99,N/A,68212.121479,N/A,32.471
MSMF_PROD_V2,2,100,N/A,68212.153897,N/A,31.912
MSMF_PROD_V2,3,1,N/A,68221.72857,N/A,6.222
MSMF_PROD_V2,3,2,N/A,68221.73656,N/A,26.638
MSMF_PROD_V2,3,3,N/A,68221.764688,N/A,27.08
MSMF_PROD_V2,3,4,N/A,68221.791428,N/A,29.174
MSMF_PROD_V2,3,5,N/A,68221.820247,N/A,49.691
MSMF_PROD_V2,3,6,N/A,68221.869952,N/A,30.547
MSMF_PROD_V2,3,7,N/A,68221.900932,N/A,33.502
MSMF_PROD_V2,3,8,N/A,68221.933997,N/A,31.737
MSMF_PROD_V2,3,9,N/A,68221.966131,N/A,30.145
MSMF_PROD_V2,3,10,N/A,68221.996015,N/A,33.657
MSMF_PROD_V2,3,11,N/A,68222.029539,N/A,30.596
MSMF_PROD_V2,3,12,N/A,68222.061113,N/A,36.203
MSMF_PROD_V2,3,13,N/A,68222.09888,N/A,27.937
MSMF_PROD_V2,3,14,N/A,68222.125263,N/A,33.56
MSMF_PROD_V2,3,15,N/A,68222.158228,N/A,31.275
MSMF_PROD_V2,3,16,N/A,68222.189122,N/A,33.582
MSMF_PROD_V2,3,17,N/A,68222.222789,N/A,46.735
MSMF_PROD_V2,3,18,N/A,68222.2698,N/A,31.263
MSMF_PROD_V2,3,19,N/A,68222.300966,N/A,33.092
MSMF_PROD_V2,3,20,N/A,68222.33466,N/A,31.938
MSMF_PROD_V2,3,21,N/A,68222.36617,N/A,31.912
MSMF_PROD_V2,3,22,N/A,68222.397489,N/A,31.506
MSMF_PROD_V2,3,23,N/A,68222.429593,N/A,31.433
MSMF_PROD_V2,3,24,N/A,68222.46047,N/A,31.682
MSMF_PROD_V2,3,25,N/A,68222.492142,N/A,34.152
MSMF_PROD_V2,3,26,N/A,68222.526522,N/A,31.684
MSMF_PROD_V2,3,27,N/A,68222.558102,N/A,32.06
MSMF_PROD_V2,3,28,N/A,68222.589939,N/A,31.629
MSMF_PROD_V2,3,29,N/A,68222.621719,N/A,48.294
MSMF_PROD_V2,3,30,N/A,68222.670377,N/A,31.964
MSMF_PROD_V2,3,31,N/A,68222.70237,N/A,30.3
MSMF_PROD_V2,3,32,N/A,68222.732018,N/A,32.913
MSMF_PROD_V2,3,33,N/A,68222.764779,N/A,32.327
MSMF_PROD_V2,3,34,N/A,68222.797041,N/A,31.576
MSMF_PROD_V2,3,35,N/A,68222.82906,N/A,32.769
MSMF_PROD_V2,3,36,N/A,68222.861174,N/A,31.909
MSMF_PROD_V2,3,37,N/A,68222.893344,N/A,32.778
MSMF_PROD_V2,3,38,N/A,68222.926607,N/A,31.069
MSMF_PROD_V2,3,39,N/A,68222.957093,N/A,33.368
MSMF_PROD_V2,3,40,N/A,68222.99082,N/A,31.137
MSMF_PROD_V2,3,41,N/A,68223.022253,N/A,47.36
MSMF_PROD_V2,3,42,N/A,68223.069114,N/A,33.688
MSMF_PROD_V2,3,43,N/A,68223.103886,N/A,30.687
MSMF_PROD_V2,3,44,N/A,68223.133459,N/A,32.631
MSMF_PROD_V2,3,45,N/A,68223.166117,N/A,30.888
MSMF_PROD_V2,3,46,N/A,68223.197305,N/A,33.244
MSMF_PROD_V2,3,47,N/A,68223.230727,N/A,31.578
MSMF_PROD_V2,3,48,N/A,68223.261934,N/A,33.037
MSMF_PROD_V2,3,49,N/A,68223.294841,N/A,30.177
MSMF_PROD_V2,3,50,N/A,68223.325172,N/A,33.19
MSMF_PROD_V2,3,51,N/A,68223.358379,N/A,32.008
MSMF_PROD_V2,3,52,N/A,68223.390644,N/A,31.657
MSMF_PROD_V2,3,53,N/A,68223.421809,N/A,47.157
MSMF_PROD_V2,3,54,N/A,68223.469558,N/A,32.249
MSMF_PROD_V2,3,55,N/A,68223.502124,N/A,32.895
MSMF_PROD_V2,3,56,N/A,68223.534732,N/A,31.714
MSMF_PROD_V2,3,57,N/A,68223.566068,N/A,30.573
MSMF_PROD_V2,3,58,N/A,68223.596912,N/A,32.951
MSMF_PROD_V2,3,59,N/A,68223.629494,N/A,33.662
MSMF_PROD_V2,3,60,N/A,68223.663162,N/A,31.678
MSMF_PROD_V2,3,61,N/A,68223.695534,N/A,30.052
MSMF_PROD_V2,3,62,N/A,68223.724973,N/A,32.372
MSMF_PROD_V2,3,63,N/A,68223.758061,N/A,33.023
MSMF_PROD_V2,3,64,N/A,68223.790499,N/A,32.228
MSMF_PROD_V2,3,65,N/A,68223.822641,N/A,46.803
MSMF_PROD_V2,3,66,N/A,68223.869789,N/A,33.141
MSMF_PROD_V2,3,67,N/A,68223.903006,N/A,31.73
MSMF_PROD_V2,3,68,N/A,68223.933917,N/A,31.848
MSMF_PROD_V2,3,69,N/A,68223.966817,N/A,31.242
MSMF_PROD_V2,3,70,N/A,68223.997096,N/A,32.864
MSMF_PROD_V2,3,71,N/A,68224.030093,N/A,31.302
MSMF_PROD_V2,3,72,N/A,68224.06295,N/A,31.648
MSMF_PROD_V2,3,73,N/A,68224.093363,N/A,33.317
MSMF_PROD_V2,3,74,N/A,68224.126536,N/A,30.278
MSMF_PROD_V2,3,75,N/A,68224.156743,N/A,32.672
MSMF_PROD_V2,3,76,N/A,68224.18939,N/A,32.044
MSMF_PROD_V2,3,77,N/A,68224.221952,N/A,48.054
MSMF_PROD_V2,3,78,N/A,68224.269876,N/A,31.838
MSMF_PROD_V2,3,79,N/A,68224.301032,N/A,32.204
MSMF_PROD_V2,3,80,N/A,68224.333527,N/A,31.194
MSMF_PROD_V2,3,81,N/A,68224.364419,N/A,32.719
MSMF_PROD_V2,3,82,N/A,68224.397099,N/A,31.065
MSMF_PROD_V2,3,83,N/A,68224.429045,N/A,30.984
MSMF_PROD_V2,3,84,N/A,68224.459331,N/A,32.149
MSMF_PROD_V2,3,85,N/A,68224.49203,N/A,32.717
MSMF_PROD_V2,3,86,N/A,68224.524348,N/A,33.504
MSMF_PROD_V2,3,87,N/A,68224.557872,N/A,31.402
MSMF_PROD_V2,3,88,N/A,68224.5903,N/A,33.512
MSMF_PROD_V2,3,89,N/A,68224.623579,N/A,46.505
MSMF_PROD_V2,3,90,N/A,68224.669327,N/A,32.693
MSMF_PROD_V2,3,91,N/A,68224.702036,N/A,31.485
MSMF_PROD_V2,3,92,N/A,68224.734474,N/A,31.416
MSMF_PROD_V2,3,93,N/A,68224.764923,N/A,33.401
MSMF_PROD_V2,3,94,N/A,68224.798395,N/A,30.873
MSMF_PROD_V2,3,95,N/A,68224.831524,N/A,31.192
MSMF_PROD_V2,3,96,N/A,68224.860976,N/A,33.97
MSMF_PROD_V2,3,97,N/A,68224.895465,N/A,29.965
MSMF_PROD_V2,3,98,N/A,68224.925015,N/A,33.417
MSMF_PROD_V2,3,99,N/A,68224.958268,N/A,31.639
MSMF_PROD_V2,3,100,N/A,68224.989901,N/A,32.771
MSMF_PROD_V2,4,1,N/A,68234.569895,N/A,3.759
MSMF_PROD_V2,4,2,N/A,68234.575129,N/A,27.149
MSMF_PROD_V2,4,3,N/A,68234.602718,N/A,27.551
MSMF_PROD_V2,4,4,N/A,68234.630468,N/A,35.027
MSMF_PROD_V2,4,5,N/A,68234.665282,N/A,29.867
MSMF_PROD_V2,4,6,N/A,68234.695244,N/A,48.711
MSMF_PROD_V2,4,7,N/A,68234.743814,N/A,31.481
MSMF_PROD_V2,4,8,N/A,68234.775755,N/A,31.754
MSMF_PROD_V2,4,9,N/A,68234.807289,N/A,31.441
MSMF_PROD_V2,4,10,N/A,68234.838557,N/A,32.078
MSMF_PROD_V2,4,11,N/A,68234.870925,N/A,32.294
MSMF_PROD_V2,4,12,N/A,68234.902904,N/A,31.326
MSMF_PROD_V2,4,13,N/A,68234.934484,N/A,32.915
MSMF_PROD_V2,4,14,N/A,68234.967761,N/A,31.614
MSMF_PROD_V2,4,15,N/A,68234.998984,N/A,32.917
MSMF_PROD_V2,4,16,N/A,68235.031941,N/A,30.846
MSMF_PROD_V2,4,17,N/A,68235.062473,N/A,32.449
MSMF_PROD_V2,4,18,N/A,68235.095269,N/A,47.101
MSMF_PROD_V2,4,19,N/A,68235.142992,N/A,32.226
MSMF_PROD_V2,4,20,N/A,68235.174935,N/A,41.359
MSMF_PROD_V2,4,21,N/A,68235.217679,N/A,23.121
MSMF_PROD_V2,4,22,N/A,68235.240068,N/A,34.777
MSMF_PROD_V2,4,23,N/A,68235.274308,N/A,29.517
MSMF_PROD_V2,4,24,N/A,68235.304473,N/A,34.8
MSMF_PROD_V2,4,25,N/A,68235.338557,N/A,29.75
MSMF_PROD_V2,4,26,N/A,68235.368314,N/A,32.047
MSMF_PROD_V2,4,27,N/A,68235.401128,N/A,32.782
MSMF_PROD_V2,4,28,N/A,68235.433758,N/A,29.747
MSMF_PROD_V2,4,29,N/A,68235.463434,N/A,33.816
MSMF_PROD_V2,4,30,N/A,68235.497154,N/A,48.361
MSMF_PROD_V2,4,31,N/A,68235.546446,N/A,29.998
MSMF_PROD_V2,4,32,N/A,68235.575311,N/A,36.211
MSMF_PROD_V2,4,33,N/A,68235.612379,N/A,30.001
MSMF_PROD_V2,4,34,N/A,68235.642568,N/A,29.447
MSMF_PROD_V2,4,35,N/A,68235.670767,N/A,34.418
MSMF_PROD_V2,4,36,N/A,68235.705468,N/A,29.569
MSMF_PROD_V2,4,37,N/A,68235.734633,N/A,33.156
MSMF_PROD_V2,4,38,N/A,68235.767782,N/A,32.143
MSMF_PROD_V2,4,39,N/A,68235.800422,N/A,34.584
MSMF_PROD_V2,4,40,N/A,68235.834778,N/A,29.52
MSMF_PROD_V2,4,41,N/A,68235.864093,N/A,32.914
MSMF_PROD_V2,4,42,N/A,68235.89755,N/A,47.654
MSMF_PROD_V2,4,43,N/A,68235.944981,N/A,30.956
MSMF_PROD_V2,4,44,N/A,68235.975844,N/A,34.431
MSMF_PROD_V2,4,45,N/A,68236.010065,N/A,31.111
MSMF_PROD_V2,4,46,N/A,68236.04144,N/A,30.781
MSMF_PROD_V2,4,47,N/A,68236.071608,N/A,34.749
MSMF_PROD_V2,4,48,N/A,68236.106592,N/A,29.515
MSMF_PROD_V2,4,49,N/A,68236.136097,N/A,29.635
MSMF_PROD_V2,4,50,N/A,68236.166037,N/A,34.619
MSMF_PROD_V2,4,51,N/A,68236.201797,N/A,32.842
MSMF_PROD_V2,4,52,N/A,68236.234649,N/A,30.362
MSMF_PROD_V2,4,53,N/A,68236.264123,N/A,33.098
MSMF_PROD_V2,4,54,N/A,68236.297045,N/A,47.109
MSMF_PROD_V2,4,55,N/A,68236.343876,N/A,31.914
MSMF_PROD_V2,4,56,N/A,68236.376161,N/A,30.28
MSMF_PROD_V2,4,57,N/A,68236.405929,N/A,32.894
MSMF_PROD_V2,4,58,N/A,68236.438909,N/A,34.192
MSMF_PROD_V2,4,59,N/A,68236.473065,N/A,30.714
MSMF_PROD_V2,4,60,N/A,68236.504416,N/A,31.339
MSMF_PROD_V2,4,61,N/A,68236.535453,N/A,31.227
MSMF_PROD_V2,4,62,N/A,68236.566772,N/A,32.459
MSMF_PROD_V2,4,63,N/A,68236.599084,N/A,33.105
MSMF_PROD_V2,4,64,N/A,68236.63239,N/A,30.638
MSMF_PROD_V2,4,65,N/A,68236.662344,N/A,33.295
MSMF_PROD_V2,4,66,N/A,68236.695953,N/A,46.293
MSMF_PROD_V2,4,67,N/A,68236.742243,N/A,33.987
MSMF_PROD_V2,4,68,N/A,68236.776474,N/A,31.85
MSMF_PROD_V2,4,69,N/A,68236.807861,N/A,31.216
MSMF_PROD_V2,4,70,N/A,68236.839292,N/A,31.019
MSMF_PROD_V2,4,71,N/A,68236.870215,N/A,33.923
MSMF_PROD_V2,4,72,N/A,68236.904177,N/A,32.265
MSMF_PROD_V2,4,73,N/A,68236.936983,N/A,31.662
MSMF_PROD_V2,4,74,N/A,68236.968537,N/A,31.175
MSMF_PROD_V2,4,75,N/A,68237.000649,N/A,31.003
MSMF_PROD_V2,4,76,N/A,68237.031536,N/A,32.901
MSMF_PROD_V2,4,77,N/A,68237.063581,N/A,33.002
MSMF_PROD_V2,4,78,N/A,68237.09666,N/A,48.207
MSMF_PROD_V2,4,79,N/A,68237.144186,N/A,29.75
MSMF_PROD_V2,4,80,N/A,68237.174041,N/A,33.768
MSMF_PROD_V2,4,81,N/A,68237.20773,N/A,31.585
MSMF_PROD_V2,4,82,N/A,68237.23961,N/A,30.414
MSMF_PROD_V2,4,83,N/A,68237.269825,N/A,33.423
MSMF_PROD_V2,4,84,N/A,68237.303307,N/A,32.311
MSMF_PROD_V2,4,85,N/A,68237.33576,N/A,30.207
MSMF_PROD_V2,4,86,N/A,68237.365619,N/A,33.511
MSMF_PROD_V2,4,87,N/A,68237.399368,N/A,32.147
MSMF_PROD_V2,4,88,N/A,68237.431097,N/A,32.127
MSMF_PROD_V2,4,89,N/A,68237.463414,N/A,31.711
MSMF_PROD_V2,4,90,N/A,68237.495537,N/A,47.631
MSMF_PROD_V2,4,91,N/A,68237.543087,N/A,31.509
MSMF_PROD_V2,4,92,N/A,68237.575033,N/A,34.052
MSMF_PROD_V2,4,93,N/A,68237.60858,N/A,31.325
MSMF_PROD_V2,4,94,N/A,68237.640149,N/A,31.467
MSMF_PROD_V2,4,95,N/A,68237.671294,N/A,30.919
MSMF_PROD_V2,4,96,N/A,68237.70189,N/A,34.416
MSMF_PROD_V2,4,97,N/A,68237.736839,N/A,30.873
MSMF_PROD_V2,4,98,N/A,68237.76743,N/A,31.355
MSMF_PROD_V2,4,99,N/A,68237.798957,N/A,33.097
MSMF_PROD_V2,4,100,N/A,68237.832048,N/A,31.894
MSMF_PROD_V2,5,1,N/A,68247.21331,N/A,3.101
MSMF_PROD_V2,5,2,N/A,68247.217705,N/A,31.555
MSMF_PROD_V2,5,3,N/A,68247.250043,N/A,31.264
MSMF_PROD_V2,5,4,N/A,68247.281152,N/A,31.841
MSMF_PROD_V2,5,5,N/A,68247.313498,N/A,48.222
MSMF_PROD_V2,5,6,N/A,68247.362209,N/A,30.955
MSMF_PROD_V2,5,7,N/A,68247.392277,N/A,33.272
MSMF_PROD_V2,5,8,N/A,68247.426209,N/A,30.039
MSMF_PROD_V2,5,9,N/A,68247.456031,N/A,32.215
MSMF_PROD_V2,5,10,N/A,68247.488429,N/A,33.342
MSMF_PROD_V2,5,11,N/A,68247.521826,N/A,30.249
MSMF_PROD_V2,5,12,N/A,68247.55161,N/A,34.254
MSMF_PROD_V2,5,13,N/A,68247.586223,N/A,30.452
MSMF_PROD_V2,5,14,N/A,68247.616174,N/A,33.529
MSMF_PROD_V2,5,15,N/A,68247.649792,N/A,31.246
MSMF_PROD_V2,5,16,N/A,68247.68139,N/A,32.466
MSMF_PROD_V2,5,17,N/A,68247.713675,N/A,47.769
MSMF_PROD_V2,5,18,N/A,68247.761194,N/A,32.507
MSMF_PROD_V2,5,19,N/A,68247.79376,N/A,31.813
MSMF_PROD_V2,5,20,N/A,68247.825762,N/A,31.499
MSMF_PROD_V2,5,21,N/A,68247.857285,N/A,31.101
MSMF_PROD_V2,5,22,N/A,68247.888141,N/A,34.509
MSMF_PROD_V2,5,23,N/A,68247.923356,N/A,29.368
MSMF_PROD_V2,5,24,N/A,68247.952025,N/A,33.479
MSMF_PROD_V2,5,25,N/A,68247.985916,N/A,30.853
MSMF_PROD_V2,5,26,N/A,68248.016415,N/A,34.086
MSMF_PROD_V2,5,27,N/A,68248.050207,N/A,29.762
MSMF_PROD_V2,5,28,N/A,68248.080204,N/A,32.7
MSMF_PROD_V2,5,29,N/A,68248.112672,N/A,48.326
MSMF_PROD_V2,5,30,N/A,68248.161244,N/A,33.132
MSMF_PROD_V2,5,31,N/A,68248.194406,N/A,31.059
MSMF_PROD_V2,5,32,N/A,68248.22523,N/A,31.484
MSMF_PROD_V2,5,33,N/A,68248.256896,N/A,32.295
MSMF_PROD_V2,5,34,N/A,68248.288935,N/A,31.216
MSMF_PROD_V2,5,35,N/A,68248.320126,N/A,33.443
MSMF_PROD_V2,5,36,N/A,68248.353779,N/A,30.125
MSMF_PROD_V2,5,37,N/A,68248.383862,N/A,31.993
MSMF_PROD_V2,5,38,N/A,68248.415887,N/A,34.978
MSMF_PROD_V2,5,39,N/A,68248.45077,N/A,30.848
MSMF_PROD_V2,5,40,N/A,68248.481515,N/A,31.833
MSMF_PROD_V2,5,41,N/A,68248.51339,N/A,48.216
MSMF_PROD_V2,5,42,N/A,68248.561915,N/A,33.012
MSMF_PROD_V2,5,43,N/A,68248.595076,N/A,30.872
MSMF_PROD_V2,5,44,N/A,68248.625605,N/A,32.266
MSMF_PROD_V2,5,45,N/A,68248.658291,N/A,31.451
MSMF_PROD_V2,5,46,N/A,68248.689306,N/A,32.043
MSMF_PROD_V2,5,47,N/A,68248.721397,N/A,31.561
MSMF_PROD_V2,5,48,N/A,68248.753325,N/A,32.335
MSMF_PROD_V2,5,49,N/A,68248.78524,N/A,33.32
MSMF_PROD_V2,5,50,N/A,68248.818415,N/A,34.075
MSMF_PROD_V2,5,51,N/A,68248.85251,N/A,28.459
MSMF_PROD_V2,5,52,N/A,68248.880928,N/A,32.578
MSMF_PROD_V2,5,53,N/A,68248.914017,N/A,48.584
MSMF_PROD_V2,5,54,N/A,68248.962915,N/A,31.186
MSMF_PROD_V2,5,55,N/A,68248.993494,N/A,32.13
MSMF_PROD_V2,5,56,N/A,68249.025712,N/A,32.531
MSMF_PROD_V2,5,57,N/A,68249.058273,N/A,32.042
MSMF_PROD_V2,5,58,N/A,68249.090026,N/A,32.53
MSMF_PROD_V2,5,59,N/A,68249.122635,N/A,31.428
MSMF_PROD_V2,5,60,N/A,68249.15474,N/A,31.571
MSMF_PROD_V2,5,61,N/A,68249.185619,N/A,34.503
MSMF_PROD_V2,5,62,N/A,68249.220048,N/A,29.265
MSMF_PROD_V2,5,63,N/A,68249.249946,N/A,32.244
MSMF_PROD_V2,5,64,N/A,68249.281765,N/A,32.646
MSMF_PROD_V2,5,65,N/A,68249.314792,N/A,49.272
MSMF_PROD_V2,5,66,N/A,68249.364297,N/A,29.833
MSMF_PROD_V2,5,67,N/A,68249.393626,N/A,33.7
MSMF_PROD_V2,5,68,N/A,68249.427374,N/A,29.296
MSMF_PROD_V2,5,69,N/A,68249.456415,N/A,33.304
MSMF_PROD_V2,5,70,N/A,68249.489683,N/A,32.428
MSMF_PROD_V2,5,71,N/A,68249.522646,N/A,31.714
MSMF_PROD_V2,5,72,N/A,68249.554015,N/A,32.601
MSMF_PROD_V2,5,73,N/A,68249.586487,N/A,31.464
MSMF_PROD_V2,5,74,N/A,68249.618561,N/A,32.3
MSMF_PROD_V2,5,75,N/A,68249.65051,N/A,34.793
MSMF_PROD_V2,5,76,N/A,68249.684961,N/A,28.327
MSMF_PROD_V2,5,77,N/A,68249.713572,N/A,48.296
MSMF_PROD_V2,5,78,N/A,68249.761684,N/A,30.502
MSMF_PROD_V2,5,79,N/A,68249.792782,N/A,32.293
MSMF_PROD_V2,5,80,N/A,68249.8246,N/A,34.581
MSMF_PROD_V2,5,81,N/A,68249.859004,N/A,29.983
MSMF_PROD_V2,5,82,N/A,68249.889223,N/A,30.855
MSMF_PROD_V2,5,83,N/A,68249.919807,N/A,33.739
MSMF_PROD_V2,5,84,N/A,68249.953676,N/A,31.746
MSMF_PROD_V2,5,85,N/A,68249.985261,N/A,31.932
MSMF_PROD_V2,5,86,N/A,68250.017556,N/A,31.118
MSMF_PROD_V2,5,87,N/A,68250.048806,N/A,31.442
MSMF_PROD_V2,5,88,N/A,68250.079882,N/A,32.247
MSMF_PROD_V2,5,89,N/A,68250.11268,N/A,49.176
MSMF_PROD_V2,5,90,N/A,68250.161513,N/A,31.516
MSMF_PROD_V2,5,91,N/A,68250.192972,N/A,32.34
MSMF_PROD_V2,5,92,N/A,68250.225156,N/A,30.383
MSMF_PROD_V2,5,93,N/A,68250.256427,N/A,31.873
MSMF_PROD_V2,5,94,N/A,68250.287292,N/A,33.714
MSMF_PROD_V2,5,95,N/A,68250.321137,N/A,32.42
MSMF_PROD_V2,5,96,N/A,68250.353772,N/A,32.262
MSMF_PROD_V2,5,97,N/A,68250.385832,N/A,29.313
MSMF_PROD_V2,5,98,N/A,68250.41571,N/A,33.886
MSMF_PROD_V2,5,99,N/A,68250.449059,N/A,31.723
MSMF_PROD_V2,5,100,N/A,68250.480892,N/A,31.624
WINRT_PROD_V3,1,1,68252.946404,68252.981337,34.933,5.039
WINRT_PROD_V3,1,2,68252.978419,68253.013367,34.948,32.052
WINRT_PROD_V3,1,3,68253.010333,68253.045508,35.175,32.008
WINRT_PROD_V3,1,4,68253.042303,68253.077224,34.921,31.633
WINRT_PROD_V3,1,5,68253.074361,68253.125427,51.066,48.213
WINRT_PROD_V3,1,6,68253.122228,68253.157439,35.211,31.945
WINRT_PROD_V3,1,7,68253.154339,68253.189015,34.676,31.674
WINRT_PROD_V3,1,8,68253.186243,68253.221299,35.056,32.349
WINRT_PROD_V3,1,9,68253.218296,68253.253502,35.206,32.348
WINRT_PROD_V3,1,10,68253.250493,68253.285347,34.854,31.606
WINRT_PROD_V3,1,11,68253.282305,68253.317592,35.287,32.229
WINRT_PROD_V3,1,12,68253.31441,68253.349188,34.778,31.562
WINRT_PROD_V3,1,13,68253.346354,68253.381355,35.001,32.228
WINRT_PROD_V3,1,14,68253.37831,68253.413434,35.124,32.088
WINRT_PROD_V3,1,15,68253.410341,68253.44534,34.999,31.828
WINRT_PROD_V3,1,16,68253.442285,68253.477345,35.06,32.158
WINRT_PROD_V3,1,17,68253.474318,68253.525186,50.868,47.743
WINRT_PROD_V3,1,18,68253.522236,68253.557116,34.88,32.129
WINRT_PROD_V3,1,19,68253.554277,68253.589057,34.779,31.708
WINRT_PROD_V3,1,20,68253.586247,68253.621531,35.284,32.497
WINRT_PROD_V3,1,21,68253.618397,68253.653159,34.762,31.985
WINRT_PROD_V3,1,22,68253.650271,68253.685211,34.94,31.775
WINRT_PROD_V3,1,23,68253.682278,68253.717132,34.854,32.007
WINRT_PROD_V3,1,24,68253.714279,68253.749105,34.826,31.859
WINRT_PROD_V3,1,25,68253.746254,68253.78159,35.336,32.472
WINRT_PROD_V3,1,26,68253.778388,68253.813541,35.153,32.206
WINRT_PROD_V3,1,27,68253.810289,68253.845432,35.143,31.664
WINRT_PROD_V3,1,28,68253.842299,68253.877437,35.138,31.929
WINRT_PROD_V3,1,29,68253.874406,68253.925518,51.112,48.2
WINRT_PROD_V3,1,30,68253.922444,68253.957118,34.674,31.448
WINRT_PROD_V3,1,31,68253.954271,68253.989241,34.97,32.122
WINRT_PROD_V3,1,32,68253.986333,68254.021199,34.866,32.447
WINRT_PROD_V3,1,33,68254.018244,68254.053258,35.014,31.592
WINRT_PROD_V3,1,34,68254.050253,68254.085558,35.305,32.413
WINRT_PROD_V3,1,35,68254.082491,68254.117196,34.705,31.491
WINRT_PROD_V3,1,36,68254.114394,68254.149491,35.097,32.326
WINRT_PROD_V3,1,37,68254.146302,68254.181525,35.223,32.178
WINRT_PROD_V3,1,38,68254.178416,68254.213241,34.825,31.575
WINRT_PROD_V3,1,39,68254.210319,68254.24563,35.31,32.434
WINRT_PROD_V3,1,40,68254.242534,68254.277181,34.647,31.613
WINRT_PROD_V3,1,41,68254.274379,68254.325579,51.2,48.279
WINRT_PROD_V3,1,42,68254.322409,68254.357442,35.033,31.837
WINRT_PROD_V3,1,43,68254.354231,68254.389219,34.988,32.0
WINRT_PROD_V3,1,44,68254.386273,68254.421101,34.828,31.726
WINRT_PROD_V3,1,45,68254.418247,68254.453262,35.015,32.144
WINRT_PROD_V3,1,46,68254.450325,68254.485502,35.177,32.495
WINRT_PROD_V3,1,47,68254.482264,68254.517166,34.902,31.415
WINRT_PROD_V3,1,48,68254.514258,68254.549581,35.323,32.365
WINRT_PROD_V3,1,49,68254.54632,68254.58146,35.14,31.87
WINRT_PROD_V3,1,50,68254.578388,68254.613465,35.077,32.112
WINRT_PROD_V3,1,51,68254.610324,68254.645462,35.138,32.082
WINRT_PROD_V3,1,52,68254.642311,68254.677128,34.817,31.507
WINRT_PROD_V3,1,53,68254.674298,68254.725341,51.043,48.324
WINRT_PROD_V3,1,54,68254.722321,68254.757266,34.945,31.826
WINRT_PROD_V3,1,55,68254.754267,68254.789248,34.981,31.99
WINRT_PROD_V3,1,56,68254.786358,68254.821124,34.766,31.86
WINRT_PROD_V3,1,57,68254.818252,68254.853436,35.184,32.519
WINRT_PROD_V3,1,58,68254.850381,68254.88516,34.779,31.521
WINRT_PROD_V3,1,59,68254.882281,68254.91748,35.199,32.264
WINRT_PROD_V3,1,60,68254.9144,68254.949376,34.976,32.105
WINRT_PROD_V3,1,61,68254.946356,68254.981324,34.968,31.85
WINRT_PROD_V3,1,62,68254.978279,68255.01333,35.051,32.039
WINRT_PROD_V3,1,63,68255.010376,68255.045207,34.831,31.8
WINRT_PROD_V3,1,64,68255.042289,68255.077211,34.922,31.972
WINRT_PROD_V3,1,65,68255.074306,68255.125357,51.051,48.123
WINRT_PROD_V3,1,66,68255.122352,68255.157224,34.872,32.051
WINRT_PROD_V3,1,67,68255.154361,68255.189106,34.745,31.704
WINRT_PROD_V3,1,68,68255.186287,68255.221279,34.992,32.245
WINRT_PROD_V3,1,69,68255.218281,68255.253284,35.003,32.193
WINRT_PROD_V3,1,70,68255.250257,68255.285845,35.588,32.472
WINRT_PROD_V3,1,71,68255.28226,68255.31745,35.19,31.554
WINRT_PROD_V3,1,72,68255.314288,68255.349593,35.305,32.052
WINRT_PROD_V3,1,73,68255.346389,68255.381415,35.026,31.958
WINRT_PROD_V3,1,74,68255.378304,68255.413478,35.174,32.135
WINRT_PROD_V3,1,75,68255.41042,68255.445399,34.979,31.852
WINRT_PROD_V3,1,76,68255.442341,68255.477694,35.353,32.174
WINRT_PROD_V3,1,77,68255.474533,68255.525632,51.099,48.012
WINRT_PROD_V3,1,78,68255.522318,68255.557265,34.947,31.517
WINRT_PROD_V3,1,79,68255.554392,68255.589926,35.534,32.691
WINRT_PROD_V3,1,80,68255.586385,68255.621404,35.019,31.595
WINRT_PROD_V3,1,81,68255.618245,68255.653803,35.558,32.29
WINRT_PROD_V3,1,82,68255.650304,68255.685651,35.347,31.881
WINRT_PROD_V3,1,83,68255.682396,68255.717237,34.84,31.635
WINRT_PROD_V3,1,84,68255.71426,68255.749393,35.133,32.125
WINRT_PROD_V3,1,85,68255.74632,68255.781617,35.297,32.267
WINRT_PROD_V3,1,86,68255.778373,68255.813387,35.014,31.676
WINRT_PROD_V3,1,87,68255.810291,68255.845323,35.032,31.904
WINRT_PROD_V3,1,88,68255.842282,68255.877212,34.93,32.04
WINRT_PROD_V3,1,89,68255.874293,68255.925101,50.808,47.771
WINRT_PROD_V3,1,90,68255.922264,68255.9571,34.836,31.937
WINRT_PROD_V3,1,91,68255.954241,68255.989302,35.061,32.273
WINRT_PROD_V3,1,92,68255.986229,68256.021498,35.269,32.294
WINRT_PROD_V3,1,93,68256.018373,68256.05334,34.967,31.915
WINRT_PROD_V3,1,94,68256.050326,68256.08529,34.964,31.917
WINRT_PROD_V3,1,95,68256.082275,68256.117344,35.069,31.897
WINRT_PROD_V3,1,96,68256.114345,68256.149346,35.001,32.133
WINRT_PROD_V3,1,97,68256.146337,68256.181288,34.951,31.878
WINRT_PROD_V3,1,98,68256.178395,68256.213379,34.984,32.013
WINRT_PROD_V3,1,99,68256.21038,68256.245525,35.145,32.377
WINRT_PROD_V3,1,100,68256.242465,68256.277394,34.929,31.629
WINRT_PROD_V3,2,1,68258.650318,68258.685155,34.837,9.866
WINRT_PROD_V3,2,2,68258.682313,68258.717616,35.303,32.373
WINRT_PROD_V3,2,3,68258.714461,68258.749464,35.003,31.645
WINRT_PROD_V3,2,4,68258.746296,68258.781482,35.186,32.019
WINRT_PROD_V3,2,5,68258.778345,68258.829415,51.07,48.123
WINRT_PROD_V3,2,6,68258.826248,68258.861229,34.981,31.957
WINRT_PROD_V3,2,7,68258.858209,68258.89332,35.111,31.809
WINRT_PROD_V3,2,8,68258.890245,68258.925441,35.196,32.144
WINRT_PROD_V3,2,9,68258.922289,68258.957614,35.325,32.084
WINRT_PROD_V3,2,10,68258.954446,68258.989204,34.758,31.574
WINRT_PROD_V3,2,11,68258.986341,68259.02141,35.069,32.432
WINRT_PROD_V3,2,12,68259.018322,68259.053229,34.907,31.636
WINRT_PROD_V3,2,13,68259.050341,68259.085365,35.024,32.056
WINRT_PROD_V3,2,14,68259.082308,68259.117435,35.127,32.608
WINRT_PROD_V3,2,15,68259.114301,68259.149237,34.936,31.433
WINRT_PROD_V3,2,16,68259.146306,68259.181365,35.059,32.06
WINRT_PROD_V3,2,17,68259.178295,68259.229273,50.978,48.051
WINRT_PROD_V3,2,18,68259.226207,68259.261246,35.039,31.799
WINRT_PROD_V3,2,19,68259.258204,68259.293248,35.044,32.074
WINRT_PROD_V3,2,20,68259.290251,68259.325634,35.383,32.517
WINRT_PROD_V3,2,21,68259.32226,68259.357197,34.937,31.369
WINRT_PROD_V3,2,22,68259.354236,68259.389159,34.923,32.042
WINRT_PROD_V3,2,23,68259.386246,68259.42127,35.024,31.972
WINRT_PROD_V3,2,24,68259.418319,68259.45324,34.921,31.951
WINRT_PROD_V3,2,25,68259.450305,68259.485744,35.439,32.642
WINRT_PROD_V3,2,26,68259.482385,68259.517229,34.844,31.359
WINRT_PROD_V3,2,27,68259.514292,68259.549405,35.113,32.403
WINRT_PROD_V3,2,28,68259.546442,68259.581287,34.845,32.057
WINRT_PROD_V3,2,29,68259.578407,68259.629221,50.814,47.596
WINRT_PROD_V3,2,30,68259.626258,68259.661248,34.99,32.104
WINRT_PROD_V3,2,31,68259.658217,68259.693935,35.718,32.667
WINRT_PROD_V3,2,32,68259.690361,68259.725126,34.765,31.096
WINRT_PROD_V3,2,33,68259.722222,68259.757231,35.009,32.12
WINRT_PROD_V3,2,34,68259.754254,68259.789184,34.93,32.096
WINRT_PROD_V3,2,35,68259.786267,68259.821217,34.95,31.945
WINRT_PROD_V3,2,36,68259.818278,68259.85425,35.972,33.116
WINRT_PROD_V3,2,37,68259.850318,68259.885817,35.499,31.683
WINRT_PROD_V3,2,38,68259.882326,68259.917357,35.031,31.366
WINRT_PROD_V3,2,39,68259.914317,68259.949649,35.332,32.38
WINRT_PROD_V3,2,40,68259.946381,68259.981369,34.988,31.602
WINRT_PROD_V3,2,41,68259.978472,68260.0291,50.628,47.738
WINRT_PROD_V3,2,42,68260.026212,68260.061364,35.152,32.25
WINRT_PROD_V3,2,43,68260.05831,68260.093197,34.887,31.87
WINRT_PROD_V3,2,44,68260.090199,68260.125165,34.966,32.026
WINRT_PROD_V3,2,45,68260.122227,68260.157528,35.301,32.331
WINRT_PROD_V3,2,46,68260.154434,68260.189422,34.988,31.788
WINRT_PROD_V3,2,47,68260.186317,68260.221648,35.331,32.254
WINRT_PROD_V3,2,48,68260.218412,68260.25388,35.468,32.399
WINRT_PROD_V3,2,49,68260.250488,68260.285415,34.927,31.722
WINRT_PROD_V3,2,50,68260.282297,68260.317308,35.011,31.542
WINRT_PROD_V3,2,51,68260.314424,68260.349334,34.91,32.348
WINRT_PROD_V3,2,52,68260.346534,68260.381261,34.727,31.662
WINRT_PROD_V3,2,53,68260.378353,68260.429367,51.014,48.057
WINRT_PROD_V3,2,54,68260.426232,68260.460792,34.56,31.74
WINRT_PROD_V3,2,55,68260.458198,68260.493087,34.889,31.982
WINRT_PROD_V3,2,56,68260.490213,68260.525225,35.012,32.071
WINRT_PROD_V3,2,57,68260.522262,68260.557053,34.791,31.821
WINRT_PROD_V3,2,58,68260.554333,68260.589114,34.781,32.024
WINRT_PROD_V3,2,59,68260.586277,68260.621408,35.132,32.411
WINRT_PROD_V3,2,60,68260.618309,68260.653209,34.9,31.801
WINRT_PROD_V3,2,61,68260.650287,68260.685913,35.626,32.78
WINRT_PROD_V3,2,62,68260.682365,68260.717635,35.27,31.798
WINRT_PROD_V3,2,63,68260.714331,68260.749271,34.94,31.46
WINRT_PROD_V3,2,64,68260.746358,68260.781429,35.071,32.193
WINRT_PROD_V3,2,65,68260.778573,68260.829112,50.539,47.636
WINRT_PROD_V3,2,66,68260.826229,68260.860823,34.595,31.689
WINRT_PROD_V3,2,67,68260.858202,68260.893079,34.877,32.289
WINRT_PROD_V3,2,68,68260.890266,68260.925035,34.769,32.211
WINRT_PROD_V3,2,69,68260.922225,68260.956922,34.697,31.648
WINRT_PROD_V3,2,70,68260.954283,68260.989476,35.193,32.486
WINRT_PROD_V3,2,71,68260.986298,68261.021197,34.899,31.998
WINRT_PROD_V3,2,72,68261.018284,68261.053187,34.903,31.784
WINRT_PROD_V3,2,73,68261.050339,68261.085205,34.866,32.143
WINRT_PROD_V3,2,74,68261.082406,68261.117151,34.745,31.809
WINRT_PROD_V3,2,75,68261.114418,68261.149308,34.89,32.273
WINRT_PROD_V3,2,76,68261.146421,68261.181386,34.965,32.062
WINRT_PROD_V3,2,77,68261.178414,68261.229054,50.64,47.598
WINRT_PROD_V3,2,78,68261.226404,68261.260911,34.507,31.864
WINRT_PROD_V3,2,79,68261.258225,68261.293421,35.197,32.519
WINRT_PROD_V3,2,80,68261.290476,68261.325083,34.607,31.62
WINRT_PROD_V3,2,81,68261.322264,68261.3571,34.836,32.042
WINRT_PROD_V3,2,82,68261.354253,68261.389155,34.902,32.231
WINRT_PROD_V3,2,83,68261.386269,68261.421406,35.137,32.041
WINRT_PROD_V3,2,84,68261.418422,68261.453591,35.169,32.318
WINRT_PROD_V3,2,85,68261.450536,68261.485005,34.469,31.253
WINRT_PROD_V3,2,86,68261.482335,68261.516902,34.567,31.877
WINRT_PROD_V3,2,87,68261.514271,68261.549284,35.013,32.495
WINRT_PROD_V3,2,88,68261.546307,68261.581021,34.714,31.667
WINRT_PROD_V3,2,89,68261.578311,68261.629091,50.78,48.021
WINRT_PROD_V3,2,90,68261.626306,68261.661106,34.8,32.026
WINRT_PROD_V3,2,91,68261.658236,68261.693083,34.846,32.291
WINRT_PROD_V3,2,92,68261.690232,68261.725117,34.885,32.028
WINRT_PROD_V3,2,93,68261.722303,68261.757237,34.934,31.966
WINRT_PROD_V3,2,94,68261.754285,68261.78904,34.755,31.617
WINRT_PROD_V3,2,95,68261.786293,68261.821197,34.904,32.316
WINRT_PROD_V3,2,96,68261.818369,68261.853245,34.876,32.098
WINRT_PROD_V3,2,97,68261.850316,68261.884906,34.59,31.517
WINRT_PROD_V3,2,98,68261.882274,68261.917516,35.242,32.611
WINRT_PROD_V3,2,99,68261.914361,68261.949215,34.854,31.759
WINRT_PROD_V3,2,100,68261.94632,68261.981276,34.956,31.982
WINRT_PROD_V3,3,1,68264.333277,68264.368298,35.021,15.101
WINRT_PROD_V3,3,2,68264.365399,68264.40037,34.971,32.265
WINRT_PROD_V3,3,3,68264.397354,68264.432232,34.878,31.484
WINRT_PROD_V3,3,4,68264.429341,68264.464578,35.237,32.303
WINRT_PROD_V3,3,5,68264.461527,68264.512461,50.934,48.169
WINRT_PROD_V3,3,6,68264.509304,68264.544657,35.353,31.877
WINRT_PROD_V3,3,7,68264.54135,68264.576142,34.792,31.51
WINRT_PROD_V3,3,8,68264.573194,68264.608029,34.835,32.103
WINRT_PROD_V3,3,9,68264.605254,68264.64003,34.776,31.733
WINRT_PROD_V3,3,10,68264.637237,68264.672432,35.195,32.569
WINRT_PROD_V3,3,11,68264.669274,68264.704199,34.925,31.658
WINRT_PROD_V3,3,12,68264.701311,68264.736263,34.952,32.021
WINRT_PROD_V3,3,13,68264.733324,68264.768416,35.092,32.317
WINRT_PROD_V3,3,14,68264.765289,68264.800423,35.134,31.879
WINRT_PROD_V3,3,15,68264.797376,68264.832528,35.152,32.207
WINRT_PROD_V3,3,16,68264.829431,68264.864283,34.852,31.608
WINRT_PROD_V3,3,17,68264.861402,68264.912221,50.819,47.979
WINRT_PROD_V3,3,18,68264.90926,68264.944159,34.899,31.886
WINRT_PROD_V3,3,19,68264.941216,68264.976205,34.989,32.3
WINRT_PROD_V3,3,20,68264.973212,68265.008147,34.935,31.735
WINRT_PROD_V3,3,21,68265.005318,68265.040327,35.009,32.444
WINRT_PROD_V3,3,22,68265.037335,68265.072132,34.797,32.689
WINRT_PROD_V3,3,23,68265.069254,68265.104129,34.875,30.83
WINRT_PROD_V3,3,24,68265.101261,68265.136357,35.096,32.275
WINRT_PROD_V3,3,25,68265.133325,68265.168301,34.976,31.948
WINRT_PROD_V3,3,26,68265.165297,68265.200277,34.98,32.023
WINRT_PROD_V3,3,27,68265.197347,68265.232297,34.95,32.233
WINRT_PROD_V3,3,28,68265.229275,68265.264359,35.084,31.786
WINRT_PROD_V3,3,29,68265.261336,68265.311998,50.662,47.621
WINRT_PROD_V3,3,30,68265.309191,68265.344521,35.33,32.479
WINRT_PROD_V3,3,31,68265.34141,68265.376018,34.609,31.538
WINRT_PROD_V3,3,32,68265.373249,68265.40832,35.071,32.291
WINRT_PROD_V3,3,33,68265.40522,68265.440586,35.366,32.506
WINRT_PROD_V3,3,34,68265.437364,68265.47251,35.146,31.858
WINRT_PROD_V3,3,35,68265.469446,68265.504404,34.958,31.743
WINRT_PROD_V3,3,36,68265.501306,68265.53633,35.024,32.105
WINRT_PROD_V3,3,37,68265.533294,68265.568208,34.914,31.885
WINRT_PROD_V3,3,38,68265.565334,68265.600366,35.032,32.031
WINRT_PROD_V3,3,39,68265.597418,68265.632091,34.673,31.641
WINRT_PROD_V3,3,40,68265.629368,68265.664171,34.803,32.084
WINRT_PROD_V3,3,41,68265.661374,68265.712588,51.214,48.59
WINRT_PROD_V3,3,42,68265.709385,68265.744067,34.682,31.765
WINRT_PROD_V3,3,43,68265.741202,68265.776006,34.804,31.498
WINRT_PROD_V3,3,44,68265.773205,68265.808071,34.866,31.982
WINRT_PROD_V3,3,45,68265.805213,68265.840117,34.904,32.184
WINRT_PROD_V3,3,46,68265.837235,68265.872383,35.148,32.369
WINRT_PROD_V3,3,47,68265.869294,68265.90449,35.196,31.988
WINRT_PROD_V3,3,48,68265.901317,68265.936223,34.906,31.673
WINRT_PROD_V3,3,49,68265.93328,68265.96819,34.91,32.121
WINRT_PROD_V3,3,50,68265.965314,68266.000155,34.841,32.033
WINRT_PROD_V3,3,51,68265.997278,68266.032094,34.816,31.74
WINRT_PROD_V3,3,52,68266.029277,68266.064413,35.136,32.379
WINRT_PROD_V3,3,53,68266.06142,68266.112259,50.839,47.977
WINRT_PROD_V3,3,54,68266.109187,68266.144475,35.288,32.103
WINRT_PROD_V3,3,55,68266.141199,68266.176343,35.144,31.705
WINRT_PROD_V3,3,56,68266.173237,68266.208071,34.834,31.994
WINRT_PROD_V3,3,57,68266.205225,68266.240314,35.09,32.052
WINRT_PROD_V3,3,58,68266.237244,68266.272206,34.962,31.891
WINRT_PROD_V3,3,59,68266.26928,68266.304372,35.092,32.285
WINRT_PROD_V3,3,60,68266.301283,68266.336229,34.946,31.782
WINRT_PROD_V3,3,61,68266.333278,68266.368273,34.995,32.131
WINRT_PROD_V3,3,62,68266.365317,68266.400279,34.962,31.877
WINRT_PROD_V3,3,63,68266.397379,68266.43238,35.001,32.233
WINRT_PROD_V3,3,64,68266.429395,68266.464284,34.889,32.298
WINRT_PROD_V3,3,65,68266.461332,68266.512093,50.761,47.323
WINRT_PROD_V3,3,66,68266.50925,68266.544086,34.836,31.952
WINRT_PROD_V3,3,67,68266.541206,68266.576288,35.082,32.141
WINRT_PROD_V3,3,68,68266.573303,68266.608361,35.058,32.115
WINRT_PROD_V3,3,69,68266.605423,68266.640659,35.236,32.404
WINRT_PROD_V3,3,70,68266.637442,68266.672323,34.881,31.772
WINRT_PROD_V3,3,71,68266.669371,68266.704412,35.041,31.929
WINRT_PROD_V3,3,72,68266.701311,68266.736342,35.031,31.883
WINRT_PROD_V3,3,73,68266.73341,68266.768716,35.306,32.534
WINRT_PROD_V3,3,74,68266.765383,68266.800193,34.81,31.336
WINRT_PROD_V3,3,75,68266.797326,68266.832514,35.188,32.556
WINRT_PROD_V3,3,76,68266.829492,68266.8645,35.008,31.742
WINRT_PROD_V3,3,77,68266.861406,68266.896339,34.933,31.908
WINRT_PROD_V3,3,78,68266.909184,68266.944487,35.303,48.058
WINRT_PROD_V3,3,79,68266.94132,68266.976088,34.768,31.601
WINRT_PROD_V3,3,80,68266.97322,68267.008181,34.961,32.152
WINRT_PROD_V3,3,81,68267.005229,68267.040395,35.166,32.26
WINRT_PROD_V3,3,82,68267.03742,68267.07241,34.99,32.028
WINRT_PROD_V3,3,83,68267.06946,68267.104397,34.937,32.0
WINRT_PROD_V3,3,84,68267.101323,68267.136212,34.889,31.833
WINRT_PROD_V3,3,85,68267.133272,68267.168199,34.927,31.87
WINRT_PROD_V3,3,86,68267.165263,68267.200547,35.284,32.612
WINRT_PROD_V3,3,87,68267.197475,68267.232259,34.784,31.592
WINRT_PROD_V3,3,88,68267.229487,68267.264225,34.738,31.803
WINRT_PROD_V3,3,89,68267.261303,68267.296383,35.08,32.212
WINRT_PROD_V3,3,90,68267.309182,68267.344572,35.39,48.282
WINRT_PROD_V3,3,91,68267.341203,68267.376213,35.01,31.59
WINRT_PROD_V3,3,92,68267.373251,68267.408483,35.232,32.317
WINRT_PROD_V3,3,93,68267.405441,68267.440419,34.978,31.998
WINRT_PROD_V3,3,94,68267.437453,68267.472454,35.001,31.895
WINRT_PROD_V3,3,95,68267.469303,68267.505021,35.718,32.641
WINRT_PROD_V3,3,96,68267.501466,68267.536646,35.18,31.487
WINRT_PROD_V3,3,97,68267.533302,68267.56816,34.858,31.536
WINRT_PROD_V3,3,98,68267.565265,68267.600389,35.124,32.343
WINRT_PROD_V3,3,99,68267.597401,68267.632216,34.815,31.719
WINRT_PROD_V3,3,100,68267.629329,68267.664644,35.315,32.354
WINRT_PROD_V3,4,1,68270.034324,68270.069499,35.175,19.807
WINRT_PROD_V3,4,2,68270.066367,68270.101647,35.28,32.246
WINRT_PROD_V3,4,3,68270.098354,68270.133451,35.097,31.429
WINRT_PROD_V3,4,4,68270.130322,68270.165398,35.076,32.064
WINRT_PROD_V3,4,5,68270.162353,68270.213645,51.292,48.195
WINRT_PROD_V3,4,6,68270.210272,68270.245524,35.252,31.95
WINRT_PROD_V3,4,7,68270.242279,68270.27769,35.411,32.087
WINRT_PROD_V3,4,8,68270.274265,68270.309229,34.964,31.547
WINRT_PROD_V3,4,9,68270.306212,68270.341375,35.163,32.274
WINRT_PROD_V3,4,10,68270.33823,68270.373354,35.124,31.839
WINRT_PROD_V3,4,11,68270.37025,68270.405569,35.319,32.275
WINRT_PROD_V3,4,12,68270.402388,68270.437096,34.708,31.432
WINRT_PROD_V3,4,13,68270.434416,68270.46948,35.064,32.403
WINRT_PROD_V3,4,14,68270.466517,68270.50101,34.493,31.6
WINRT_PROD_V3,4,15,68270.498442,68270.53307,34.628,32.118
WINRT_PROD_V3,4,16,68270.530323,68270.565455,35.132,32.374
WINRT_PROD_V3,4,17,68270.562397,68270.613039,50.642,47.535
WINRT_PROD_V3,4,18,68270.610212,68270.644809,34.597,31.677
WINRT_PROD_V3,4,19,68270.642226,68270.677086,34.86,32.379
WINRT_PROD_V3,4,20,68270.674257,68270.709005,34.748,32.062
WINRT_PROD_V3,4,21,68270.706285,68270.741043,34.758,31.796
WINRT_PROD_V3,4,22,68270.738276,68270.773769,35.493,32.798
WINRT_PROD_V3,4,23,68270.770391,68270.804977,34.586,31.221
WINRT_PROD_V3,4,24,68270.802294,68270.836883,34.589,31.916
WINRT_PROD_V3,4,25,68270.834284,68270.86903,34.746,32.174
WINRT_PROD_V3,4,26,68270.866368,68270.900949,34.581,31.758
WINRT_PROD_V3,4,27,68270.898407,68270.933228,34.821,32.587
WINRT_PROD_V3,4,28,68270.9304,68270.965197,34.797,32.094
WINRT_PROD_V3,4,29,68270.962295,68271.013002,50.707,47.577
WINRT_PROD_V3,4,30,68271.010356,68271.044698,34.342,31.545
WINRT_PROD_V3,4,31,68271.042221,68271.077046,34.825,32.469
WINRT_PROD_V3,4,32,68271.074301,68271.109017,34.716,31.874
WINRT_PROD_V3,4,33,68271.106276,68271.140937,34.661,31.906
WINRT_PROD_V3,4,34,68271.138456,68271.173137,34.681,32.49
WINRT_PROD_V3,4,35,68271.170286,68271.20504,34.754,31.585
WINRT_PROD_V3,4,36,68271.202346,68271.237277,34.931,32.325
WINRT_PROD_V3,4,37,68271.234324,68271.269244,34.92,31.856
WINRT_PROD_V3,4,38,68271.26638,68271.301147,34.767,31.947
WINRT_PROD_V3,4,39,68271.298294,68271.333497,35.203,32.475
WINRT_PROD_V3,4,40,68271.330342,68271.365109,34.767,31.454
WINRT_PROD_V3,4,41,68271.362441,68271.413156,50.715,48.038
WINRT_PROD_V3,4,42,68271.410233,68271.445032,34.799,31.971
WINRT_PROD_V3,4,43,68271.442185,68271.477206,35.021,32.29
WINRT_PROD_V3,4,44,68271.474267,68271.509268,35.001,31.908
WINRT_PROD_V3,4,45,68271.50627,68271.541361,35.091,32.219
WINRT_PROD_V3,4,46,68271.538291,68271.573424,35.133,31.891
WINRT_PROD_V3,4,47,68271.570219,68271.605314,35.095,32.101
WINRT_PROD_V3,4,48,68271.602248,68271.637512,35.264,32.32
WINRT_PROD_V3,4,49,68271.634279,68271.669785,35.506,32.19
WINRT_PROD_V3,4,50,68271.666385,68271.702761,36.376,32.918
WINRT_PROD_V3,4,51,68271.698364,68271.733333,34.969,30.51
WINRT_PROD_V3,4,52,68271.730279,68271.765651,35.372,32.311
WINRT_PROD_V3,4,53,68271.762301,68271.813227,50.926,47.502
WINRT_PROD_V3,4,54,68271.810192,68271.845421,35.229,32.495
WINRT_PROD_V3,4,55,68271.842188,68271.877313,35.125,31.585
WINRT_PROD_V3,4,56,68271.874219,68271.909466,35.247,32.3
WINRT_PROD_V3,4,57,68271.906218,68271.941477,35.259,32.43
WINRT_PROD_V3,4,58,68271.938348,68271.973305,34.957,31.333
WINRT_PROD_V3,4,59,68271.970244,68272.00529,35.046,31.904
WINRT_PROD_V3,4,60,68272.002283,68272.037551,35.268,32.295
WINRT_PROD_V3,4,61,68272.034376,68272.069129,34.753,31.581
WINRT_PROD_V3,4,62,68272.066284,68272.101372,35.088,32.332
WINRT_PROD_V3,4,63,68272.098384,68272.133219,34.835,31.743
WINRT_PROD_V3,4,64,68272.130305,68272.165354,35.049,32.115
WINRT_PROD_V3,4,65,68272.162413,68272.21357,51.157,48.244
WINRT_PROD_V3,4,66,68272.210293,68272.245227,34.934,31.869
WINRT_PROD_V3,4,67,68272.242181,68272.277219,35.038,31.943
WINRT_PROD_V3,4,68,68272.274195,68272.309621,35.426,32.33
WINRT_PROD_V3,4,69,68272.3063,68272.341152,34.852,31.421
WINRT_PROD_V3,4,70,68272.338213,68272.373687,35.474,32.629
WINRT_PROD_V3,4,71,68272.370255,68272.405385,35.13,31.66
WINRT_PROD_V3,4,72,68272.402259,68272.437587,35.329,32.321
WINRT_PROD_V3,4,73,68272.434265,68272.469717,35.452,32.064
WINRT_PROD_V3,4,74,68272.466308,68272.501505,35.197,31.751
WINRT_PROD_V3,4,75,68272.498275,68272.533428,35.153,31.938
WINRT_PROD_V3,4,76,68272.53029,68272.565649,35.359,32.368
WINRT_PROD_V3,4,77,68272.562299,68272.613142,50.843,47.56
WINRT_PROD_V3,4,78,68272.610194,68272.645871,35.677,32.666
WINRT_PROD_V3,4,79,68272.642204,68272.677636,35.432,31.711
WINRT_PROD_V3,4,80,68272.674196,68272.709661,35.465,32.049
WINRT_PROD_V3,4,81,68272.706232,68272.741506,35.274,31.764
WINRT_PROD_V3,4,82,68272.738223,68272.773974,35.751,32.489
WINRT_PROD_V3,4,83,68272.770245,68272.805931,35.686,32.31
WINRT_PROD_V3,4,84,68272.802291,68272.837674,35.383,31.331
WINRT_PROD_V3,4,85,68272.834375,68272.869535,35.16,31.973
WINRT_PROD_V3,4,86,68272.866381,68272.901653,35.272,31.939
WINRT_PROD_V3,4,87,68272.898341,68272.934138,35.797,32.845
WINRT_PROD_V3,4,88,68272.930306,68272.966969,36.663,32.941
WINRT_PROD_V3,4,89,68272.962442,68273.013655,51.213,46.338
WINRT_PROD_V3,4,90,68273.010182,68273.046083,35.901,32.452
WINRT_PROD_V3,4,91,68273.042233,68273.077656,35.423,31.794
WINRT_PROD_V3,4,92,68273.074271,68273.109502,35.231,31.767
WINRT_PROD_V3,4,93,68273.106225,68273.142045,35.82,32.703
WINRT_PROD_V3,4,94,68273.138267,68273.174248,35.981,32.08
WINRT_PROD_V3,4,95,68273.170331,68273.206372,36.041,35.211
WINRT_PROD_V3,4,96,68273.202342,68273.239421,37.079,30.267
WINRT_PROD_V3,4,97,68273.234378,68273.271138,36.76,32.371
WINRT_PROD_V3,4,98,68273.266448,68273.30306,36.612,31.196
WINRT_PROD_V3,4,99,68273.298375,68273.335277,36.902,32.345
WINRT_PROD_V3,4,100,68273.330416,68273.366833,36.417,31.008
WINRT_PROD_V3,5,1,68275.728465,68275.763564,35.099,0.011
WINRT_PROD_V3,5,2,68275.760362,68275.795561,35.199,27.352
WINRT_PROD_V3,5,3,68275.792329,68275.828165,35.836,32.196
WINRT_PROD_V3,5,4,68275.824339,68275.859329,34.99,30.881
WINRT_PROD_V3,5,5,68275.856316,68275.907159,50.843,47.849
WINRT_PROD_V3,5,6,68275.904233,68275.939405,35.172,32.266
WINRT_PROD_V3,5,7,68275.936344,68275.971421,35.077,32.457
WINRT_PROD_V3,5,8,68275.968282,68276.004362,36.08,32.838
WINRT_PROD_V3,5,9,68276.000242,68276.036211,35.969,31.545
WINRT_PROD_V3,5,10,68276.032253,68276.067669,35.416,31.595
WINRT_PROD_V3,5,11,68276.064298,68276.09957,35.272,31.792
WINRT_PROD_V3,5,12,68276.096264,68276.131416,35.152,31.994
WINRT_PROD_V3,5,13,68276.128269,68276.163668,35.399,32.092
WINRT_PROD_V3,5,14,68276.160352,68276.196081,35.729,32.504
WINRT_PROD_V3,5,15,68276.192365,68276.227798,35.433,32.143
WINRT_PROD_V3,5,16,68276.22432,68276.260206,35.886,31.859
WINRT_PROD_V3,5,17,68276.256377,68276.30727,50.893,47.02
WINRT_PROD_V3,5,18,68276.304234,68276.339482,35.249,32.309
WINRT_PROD_V3,5,19,68276.336234,68276.371552,35.318,31.95
WINRT_PROD_V3,5,20,68276.368243,68276.403938,35.695,32.568
WINRT_PROD_V3,5,21,68276.400233,68276.435912,35.679,32.057
WINRT_PROD_V3,5,22,68276.432266,68276.467859,35.593,31.948
WINRT_PROD_V3,5,23,68276.464285,68276.499965,35.68,32.03
WINRT_PROD_V3,5,24,68276.496259,68276.531499,35.24,31.42
WINRT_PROD_V3,5,25,68276.528349,68276.564702,36.353,33.216
WINRT_PROD_V3,5,26,68276.560358,68276.595886,35.528,31.704
WINRT_PROD_V3,5,27,68276.592317,68276.628594,36.277,33.562
WINRT_PROD_V3,5,28,68276.624345,68276.66006,35.715,30.413
WINRT_PROD_V3,5,29,68276.656316,68276.708342,52.026,48.106
WINRT_PROD_V3,5,30,68276.70422,68276.740288,36.068,32.019
WINRT_PROD_V3,5,31,68276.736239,68276.771935,35.696,31.793
WINRT_PROD_V3,5,32,68276.768215,68276.804469,36.254,32.476
WINRT_PROD_V3,5,33,68276.800231,68276.836012,35.781,31.294
WINRT_PROD_V3,5,34,68276.832273,68276.868026,35.753,32.45
WINRT_PROD_V3,5,35,68276.8643,68276.899795,35.495,31.583
WINRT_PROD_V3,5,36,68276.896257,68276.931502,35.245,31.36
WINRT_PROD_V3,5,37,68276.92831,68276.964052,35.742,32.705
WINRT_PROD_V3,5,38,68276.960332,68276.995811,35.479,32.253
WINRT_PROD_V3,5,39,68276.99229,68277.02793,35.64,32.132
WINRT_PROD_V3,5,40,68277.024337,68277.061053,36.716,32.624
WINRT_PROD_V3,5,41,68277.056365,68277.107453,51.088,46.369
WINRT_PROD_V3,5,42,68277.104214,68277.139757,35.543,32.243
WINRT_PROD_V3,5,43,68277.136253,68277.174411,38.158,37.084
WINRT_PROD_V3,5,44,68277.168214,68277.204928,36.713,28.598
WINRT_PROD_V3,5,45,68277.200304,68277.236941,36.637,33.113
WINRT_PROD_V3,5,46,68277.232246,68277.269288,37.042,31.095
WINRT_PROD_V3,5,47,68277.264361,68277.3011,36.739,32.323
WINRT_PROD_V3,5,48,68277.296317,68277.333054,36.737,31.646
WINRT_PROD_V3,5,49,68277.328336,68277.364582,36.246,33.545
WINRT_PROD_V3,5,50,68277.360362,68277.396833,36.471,29.676
WINRT_PROD_V3,5,51,68277.392344,68277.427584,35.24,30.687
WINRT_PROD_V3,5,52,68277.424304,68277.459612,35.308,32.295
WINRT_PROD_V3,5,53,68277.456311,68277.507742,51.431,48.051
WINRT_PROD_V3,5,54,68277.504248,68277.54082,36.573,33.032
WINRT_PROD_V3,5,55,68277.536253,68277.571555,35.302,30.966
WINRT_PROD_V3,5,56,68277.568261,68277.603824,35.563,32.135
WINRT_PROD_V3,5,57,68277.600252,68277.635261,35.009,31.457
WINRT_PROD_V3,5,58,68277.63224,68277.667457,35.217,32.154
WINRT_PROD_V3,5,59,68277.664295,68277.69986,35.565,32.198
WINRT_PROD_V3,5,60,68277.696317,68277.73259,36.273,32.883
WINRT_PROD_V3,5,61,68277.728378,68277.76398,35.602,31.243
WINRT_PROD_V3,5,62,68277.760353,68277.795778,35.425,32.369
WINRT_PROD_V3,5,63,68277.792346,68277.827756,35.41,31.651
WINRT_PROD_V3,5,64,68277.824358,68277.859961,35.604,32.332
WINRT_PROD_V3,5,65,68277.856309,68277.907795,51.486,47.506
WINRT_PROD_V3,5,66,68277.904218,68277.939435,35.217,31.959
WINRT_PROD_V3,5,67,68277.936191,68277.971589,35.398,31.864
WINRT_PROD_V3,5,68,68277.968221,68278.00401,35.789,32.356
WINRT_PROD_V3,5,69,68278.000252,68278.035517,35.265,31.706
WINRT_PROD_V3,5,70,68278.032296,68278.067685,35.389,32.059
WINRT_PROD_V3,5,71,68278.064282,68278.100097,35.815,32.315
WINRT_PROD_V3,5,72,68278.096287,68278.131419,35.132,31.41
WINRT_PROD_V3,5,73,68278.128316,68278.164219,35.903,32.984
WINRT_PROD_V3,5,74,68278.160415,68278.195551,35.136,31.095
WINRT_PROD_V3,5,75,68278.192355,68278.227475,35.12,31.842
WINRT_PROD_V3,5,76,68278.224297,68278.259466,35.169,32.336
WINRT_PROD_V3,5,77,68278.256351,68278.308094,51.743,48.284
WINRT_PROD_V3,5,78,68278.304351,68278.339399,35.048,31.664
WINRT_PROD_V3,5,79,68278.336221,68278.371825,35.604,32.218
WINRT_PROD_V3,5,80,68278.368314,68278.403673,35.359,32.02
WINRT_PROD_V3,5,81,68278.400241,68278.435822,35.581,32.482
WINRT_PROD_V3,5,82,68278.432256,68278.46787,35.614,31.554
WINRT_PROD_V3,5,83,68278.464315,68278.500076,35.761,32.332
WINRT_PROD_V3,5,84,68278.49634,68278.531593,35.253,31.222
WINRT_PROD_V3,5,85,68278.528404,68278.563799,35.395,32.49
WINRT_PROD_V3,5,86,68278.560326,68278.596365,36.039,32.392
WINRT_PROD_V3,5,87,68278.592394,68278.627589,35.195,31.355
WINRT_PROD_V3,5,88,68278.624349,68278.660108,35.759,32.704
WINRT_PROD_V3,5,89,68278.65634,68278.707341,51.001,46.87
WINRT_PROD_V3,5,90,68278.704311,68278.739531,35.22,32.115
WINRT_PROD_V3,5,91,68278.736239,68278.771694,35.455,32.278
WINRT_PROD_V3,5,92,68278.768218,68278.803966,35.748,32.238
WINRT_PROD_V3,5,93,68278.800309,68278.835597,35.288,31.697
WINRT_PROD_V3,5,94,68278.832281,68278.867557,35.276,31.896
WINRT_PROD_V3,5,95,68278.864318,68278.899941,35.622,32.677
WINRT_PROD_V3,5,96,68278.896337,68278.931638,35.301,31.409
WINRT_PROD_V3,5,97,68278.928326,68278.963652,35.326,31.97
WINRT_PROD_V3,5,98,68278.960297,68278.995871,35.574,32.15
WINRT_PROD_V3,5,99,68278.992361,68279.029323,36.962,33.882
WINRT_PROD_V3,5,100,68279.024419,68279.061408,36.99,32.325
