frame_idx,seg_idx,timestamp_ms,capture_to_submit_ms,submit_to_callback_ms,frame_age_ms,callback_to_gesture_ms,capture_to_gesture_ms
0,1,33081359,17.989,11.43,29.42,0.055,29.475
1,1,33081375,3.037,10.222,13.259,0.089,13.348
2,1,33081406,3.457,9.805,13.262,0.049,13.311
3,1,33081453,3.298,9.779,13.077,0.043,13.121
4,1,33081484,2.832,10.39,13.223,0.042,13.265
5,1,33081515,2.614,10.029,12.642,0.037,12.679
6,1,33081546,2.413,11.487,13.9,0.048,13.948
7,1,33081578,2.56,10.342,12.901,0.049,12.95
8,1,33081609,2.559,10.894,13.453,0.049,13.501
9,1,33081640,2.638,10.469,13.107,0.064,13.172
10,1,33081687,2.885,11.399,14.284,0.099,14.383
11,1,33081718,3.19,10.077,13.267,0.048,13.315
12,1,33081750,3.105,10.167,13.273,0.041,13.314
13,1,33081781,2.947,9.748,12.695,0.039,12.734
14,1,33081812,2.794,10.995,13.789,0.049,13.838
15,1,33081843,2.452,10.253,12.705,0.042,12.747
16,1,33081890,2.543,10.73,13.274,0.043,13.317
17,1,33081921,2.583,10.089,12.672,0.068,12.74
18,1,33081953,2.899,10.83,13.729,0.051,13.78
19,1,33081984,3.633,9.483,13.116,0.05,13.165
20,1,33082015,3.065,9.935,13.0,0.047,13.048
21,1,33082046,2.547,10.423,12.97,0.044,13.015
22,1,33082093,2.481,10.454,12.935,0.039,12.974
23,1,33082125,2.608,11.543,14.151,0.039,14.19
24,1,33082156,2.672,11.17,13.842,0.045,13.888
25,1,33082187,3.251,9.879,13.13,0.11,13.24
26,1,33082218,3.309,11.069,14.379,0.066,14.445
27,1,33082250,3.38,10.095,13.475,0.045,13.52
28,1,33082296,3.111,10.33,13.441,0.05,13.491
29,1,33082328,2.598,10.948,13.546,0.042,13.588
30,1,33082359,2.389,11.081,13.47,0.044,13.514
31,1,33082390,2.475,11.565,14.04,0.041,14.082
32,1,33082421,2.61,10.686,13.296,0.084,13.38
33,1,33082453,3.031,10.75,13.781,0.074,13.855
34,1,33082484,3.423,10.016,13.439,0.04,13.479
35,1,33082531,2.869,10.163,13.032,0.05,13.083
36,1,33082562,2.642,9.956,12.598,0.046,12.643
37,1,33082593,2.489,11.029,13.518,0.049,13.567
38,1,33082625,2.458,11.612,14.071,0.053,14.124
39,1,33082656,2.542,11.137,13.678,0.079,13.757
40,1,33082687,2.524,9.982,12.505,0.075,12.58
41,1,33082734,2.805,10.252,13.057,0.106,13.163
42,1,33082765,3.106,9.445,12.551,0.041,12.592
43,1,33082796,2.85,9.952,12.801,0.045,12.847
44,1,33082828,2.833,10.567,13.4,0.061,13.461
45,1,33082859,2.429,10.787,13.216,0.045,13.261
46,1,33082890,2.53,10.717,13.247,0.048,13.294
47,1,33082921,2.434,10.606,13.04,0.066,13.106
48,1,33082968,3.23,11.006,14.237,0.059,14.295
49,1,33083000,3.641,10.289,13.93,0.054,13.985
50,1,33083031,3.153,9.646,12.799,0.04,12.838
51,1,33083062,3.015,10.314,13.329,0.041,13.369
52,1,33083093,2.735,10.256,12.991,0.048,13.039
53,1,33083125,2.546,10.37,12.916,0.055,12.972
54,1,33083171,2.546,10.878,13.424,0.042,13.466
55,1,33083203,2.484,12.384,14.868,0.039,14.907
56,1,33083234,2.637,10.484,13.121,0.133,13.254
57,1,33083265,3.186,11.634,14.82,0.058,14.879
58,1,33083296,2.952,10.276,13.228,0.045,13.272
59,1,33083328,3.036,10.228,13.264,0.042,13.306
60,1,33083375,2.775,11.407,14.182,0.06,14.242
61,1,33083406,2.418,10.453,12.871,0.047,12.918
62,1,33083437,2.587,10.409,12.996,0.106,13.102
63,1,33083468,2.481,10.34,12.821,0.068,12.888
64,1,33083500,2.878,9.893,12.771,0.043,12.813
65,1,33083531,3.026,11.088,14.114,0.076,14.19
66,1,33083578,3.292,10.433,13.725,0.054,13.779
67,1,33083609,3.08,10.822,13.902,0.05,13.951
68,1,33083640,2.783,10.022,12.805,0.059,12.864
69,1,33083671,2.388,10.34,12.727,0.046,12.773
70,1,33083703,2.629,11.058,13.686,0.045,13.732
71,1,33083734,2.472,10.558,13.031,0.054,13.084
72,1,33083781,2.59,10.587,13.177,0.089,13.266
73,1,33083812,3.163,9.902,13.064,0.06,13.124
74,1,33083843,3.287,10.359,13.646,0.051,13.697
75,1,33083875,3.322,9.795,13.117,0.039,13.155
76,1,33083906,3.01,10.507,13.517,0.066,13.582
77,1,33083937,2.493,10.206,12.699,0.04,12.739
78,1,33083984,2.506,10.521,13.027,0.116,13.143
79,1,33084015,2.529,11.107,13.636,0.048,13.685
80,1,33084046,2.547,11.078,13.625,0.086,13.712
81,1,33084078,2.718,10.41,13.128,0.061,13.19
82,1,33084109,3.51,10.113,13.623,0.04,13.663
83,1,33084140,3.505,10.31,13.815,0.043,13.857
84,1,33084187,3.119,10.253,13.373,0.046,13.419
85,1,33084218,2.742,9.858,12.6,0.043,12.644
86,1,33084250,2.503,11.913,14.416,0.07,14.486
87,1,33084281,2.567,10.49,13.058,0.046,13.104
88,1,33084312,2.859,10.313,13.172,0.052,13.223
89,1,33084343,3.001,10.768,13.769,0.125,13.894
90,1,33084375,2.907,10.054,12.961,0.038,12.999
91,1,33084421,3.024,10.047,13.071,0.046,13.117
92,1,33084453,3.139,10.403,13.542,0.042,13.584
93,1,33084484,2.842,10.141,12.983,0.047,13.03
94,1,33084515,2.59,10.01,12.6,0.039,12.639
95,1,33084546,2.384,12.508,14.892,0.039,14.931
96,1,33084578,2.797,14.332,17.129,0.064,17.192
97,1,33084625,3.41,12.541,15.951,0.047,15.998
98,1,33084656,2.861,10.033,12.894,0.042,12.936
99,1,33084687,3.198,9.897,13.094,0.046,13.141
100,2,33084718,2.698,25.315,28.012,0.126,28.138
101,2,33084750,2.858,25.674,28.532,0.107,28.639
102,2,33084781,2.545,26.654,29.2,0.104,29.304
103,2,33084828,2.642,26.279,28.921,0.101,29.022
104,2,33084859,2.466,26.648,29.114,0.095,29.21
105,2,33084890,2.703,28.168,30.87,0.115,30.985
106,2,33084921,3.196,27.632,30.829,0.1,30.929
107,2,33084953,3.27,26.598,29.868,0.154,30.022
108,2,33084984,3.191,29.138,32.329,0.102,32.431
109,2,33085031,2.864,25.787,28.651,0.101,28.752
110,2,33085062,2.549,26.854,29.403,0.093,29.497
111,2,33085093,2.463,26.29,28.753,0.096,28.849
112,2,33085125,2.625,27.992,30.617,0.096,30.713
113,2,33085156,2.945,28.04,30.985,0.096,31.081
114,2,33085187,3.474,26.579,30.053,0.098,30.151
115,2,33085218,2.933,28.113,31.045,0.119,31.165
116,2,33085265,2.818,30.269,33.088,0.127,33.215
117,2,33085296,2.657,27.887,30.544,0.098,30.642
118,2,33085328,2.651,28.339,30.991,0.099,31.09
119,2,33085359,2.883,27.923,30.806,0.096,30.903
120,2,33085390,3.189,28.175,31.364,0.104,31.468
121,2,33085421,3.51,27.389,30.898,0.101,30.999
122,2,33085468,3.319,27.887,31.206,0.125,31.331
123,2,33085500,2.691,25.83,28.521,0.098,28.619
124,2,33085531,2.425,26.986,29.411,0.092,29.503
125,2,33085562,2.675,27.158,29.833,0.098,29.931
126,2,33085593,2.856,27.006,29.862,0.096,29.958
127,2,33085625,3.194,27.446,30.64,0.095,30.734
128,2,33085656,3.219,26.464,29.683,0.148,29.831
129,2,33085703,3.453,27.577,31.03,0.125,31.155
130,2,33085734,2.742,26.098,28.84,0.098,28.938
131,2,33085765,2.591,26.375,28.965,0.091,29.056
132,2,33085796,2.562,28.002,30.565,0.115,30.68
133,2,33085828,2.477,27.263,29.74,0.097,29.838
134,2,33085859,2.949,27.385,30.334,0.097,30.432
135,2,33085906,3.201,27.569,30.77,0.102,30.872
136,2,33085937,3.559,27.395,30.954,0.099,31.053
137,2,33085968,2.761,25.887,28.648,0.096,28.744
138,2,33086000,2.503,27.055,29.558,0.094,29.652
139,2,33086031,2.52,27.516,30.035,0.108,30.144
140,2,33086062,2.524,28.492,31.016,0.101,31.117
141,2,33086093,2.646,28.247,30.892,0.092,30.985
142,2,33086140,3.499,28.816,32.315,0.115,32.43
143,2,33086171,3.117,26.468,29.585,0.167,29.752
144,2,33086203,2.858,25.874,28.732,0.094,28.826
145,2,33086234,2.518,26.369,28.887,0.096,28.983
146,2,33086265,2.466,29.895,32.361,0.224,32.585
147,2,33086296,2.678,29.465,32.143,0.105,32.249
148,2,33086328,2.779,26.973,29.752,0.102,29.854
149,2,33086375,3.011,24.296,27.307,0.096,27.403
150,2,33086406,2.869,25.179,28.049,0.096,28.145
151,2,33086437,2.71,25.764,28.475,0.098,28.572
152,2,33086468,2.495,26.432,28.928,0.094,29.022
153,2,33086500,2.444,27.486,29.931,0.111,30.041
154,2,33086531,2.415,27.991,30.406,0.095,30.501
155,2,33086578,2.666,27.428,30.094,0.099,30.193
156,2,33086609,3.028,28.657,31.685,0.095,31.78
157,2,33086640,3.404,27.282,30.686,0.127,30.813
158,2,33086671,3.458,26.132,29.591,0.21,29.801
159,2,33086703,2.841,26.108,28.949,0.101,29.049
160,2,33086734,2.482,27.473,29.955,0.121,30.075
161,2,33086781,2.432,28.629,31.06,0.132,31.192
162,2,33086812,2.598,26.703,29.301,0.102,29.403
163,2,33086843,2.671,27.15,29.821,0.095,29.916
164,2,33086875,2.885,26.689,29.574,0.206,29.781
165,2,33086906,3.3,26.983,30.283,0.095,30.378
166,2,33086937,3.021,28.332,31.353,0.107,31.46
167,2,33086968,2.782,27.634,30.416,0.239,30.655
168,2,33087015,2.411,26.796,29.207,0.096,29.303
169,2,33087046,2.634,28.283,30.917,0.12,31.036
170,2,33087078,2.474,26.793,29.267,0.095,29.362
171,2,33087109,2.683,26.952,29.635,0.095,29.73
172,2,33087140,3.166,29.6,32.766,0.096,32.863
173,2,33087171,3.397,26.713,30.11,0.119,30.229
174,2,33087218,2.93,25.235,28.165,0.114,28.28
175,2,33087250,2.778,26.121,28.899,0.098,28.997
176,2,33087281,2.677,27.124,29.801,0.123,29.924
177,2,33087312,2.469,28.953,31.422,0.212,31.633
178,2,33087343,3.519,26.162,29.68,0.098,29.779
179,2,33087375,2.673,24.521,27.194,0.126,27.32
180,2,33087421,2.833,26.006,28.839,0.102,28.941
181,2,33087453,3.341,26.274,29.615,0.115,29.73
182,2,33087484,2.788,25.122,27.91,0.144,28.054
183,2,33087515,2.468,25.501,27.969,0.099,28.068
184,2,33087546,2.574,26.115,28.688,0.139,28.827
185,2,33087578,2.464,26.383,28.847,0.098,28.945
186,2,33087625,2.576,26.504,29.08,0.095,29.175
187,2,33087656,2.679,26.207,28.886,0.112,28.998
188,2,33087687,2.838,25.862,28.7,0.102,28.802
189,2,33087718,2.809,25.06,27.869,0.114,27.983
190,2,33087750,2.671,25.165,27.835,0.097,27.932
191,2,33087781,2.596,25.078,27.674,0.097,27.771
192,2,33087812,2.528,26.701,29.229,0.097,29.326
193,2,33087859,2.627,25.258,27.885,0.106,27.991
194,2,33087890,2.619,26.95,29.569,0.126,29.695
195,2,33087921,2.739,25.015,27.754,0.202,27.956
196,2,33087953,2.723,25.379,28.103,0.097,28.2
197,2,33087984,2.66,25.27,27.93,0.099,28.029
198,2,33088015,2.54,25.721,28.261,0.099,28.361
199,2,33088062,2.631,26.84,29.471,0.098,29.569
200,3,33088093,2.494,26.95,29.444,0.053,29.497
201,3,33088125,2.704,17.764,20.467,0.05,20.517
202,3,33088156,3.03,17.27,20.3,0.055,20.355
203,3,33088187,3.08,18.096,21.176,0.061,21.238
204,3,33088218,3.007,17.547,20.554,0.043,20.597
205,3,33088250,2.798,17.557,20.355,0.039,20.395
206,3,33088296,2.757,18.21,20.967,0.052,21.018
207,3,33088328,2.514,18.076,20.591,0.045,20.635
208,3,33088359,2.512,18.543,21.054,0.055,21.109
209,3,33088390,2.664,16.778,19.442,0.042,19.485
210,3,33088421,2.95,18.5,21.449,0.053,21.503
211,3,33088453,3.14,18.042,21.182,0.041,21.223
212,3,33088500,2.8,18.191,20.992,0.049,21.04
213,3,33088531,2.56,17.179,19.739,0.042,19.781
214,3,33088562,2.392,17.471,19.863,0.043,19.906
215,3,33088593,2.589,18.52,21.109,0.043,21.152
216,3,33088625,2.448,18.893,21.34,0.055,21.395
217,3,33088656,2.668,19.284,21.952,0.076,22.029
218,3,33088703,2.699,18.136,20.834,0.113,20.948
219,3,33088734,3.072,17.66,20.732,0.042,20.774
220,3,33088765,3.14,18.32,21.461,0.058,21.519
221,3,33088796,2.678,17.716,20.394,0.061,20.454
222,3,33088828,2.461,18.106,20.567,0.043,20.61
223,3,33088859,2.449,18.564,21.013,0.07,21.082
224,3,33088906,2.607,18.58,21.187,0.054,21.241
225,3,33088937,2.484,17.815,20.299,0.041,20.341
226,3,33088968,2.72,18.454,21.174,0.133,21.307
227,3,33089000,3.192,18.272,21.464,0.148,21.612
228,3,33089031,3.029,17.551,20.58,0.096,20.676
229,3,33089062,2.874,18.0,20.874,0.121,20.995
230,3,33089093,2.494,27.356,29.85,0.135,29.985
231,3,33089140,3.092,20.838,23.93,0.163,24.093
232,3,33089171,2.551,17.752,20.303,0.098,20.401
233,3,33089203,2.731,19.199,21.929,0.111,22.04
234,3,33089234,2.784,18.183,20.967,0.129,21.096
235,3,33089265,3.053,23.833,26.886,0.095,26.982
236,3,33089296,2.997,24.599,27.596,0.121,27.716
237,3,33089343,2.704,17.229,19.933,0.107,20.04
238,3,33089375,2.495,17.953,20.448,0.103,20.551
239,3,33089406,2.427,26.735,29.163,0.13,29.293
240,3,33089437,2.438,17.049,19.487,0.136,19.623
241,3,33089468,2.809,26.197,29.007,0.124,29.13
242,3,33089500,2.958,16.485,19.443,0.148,19.591
243,3,33089546,2.967,25.577,28.544,0.157,28.701
244,3,33089578,2.793,16.588,19.38,0.102,19.482
245,3,33089609,2.495,25.657,28.151,0.12,28.271
246,3,33089640,2.399,17.853,20.251,0.103,20.354
247,3,33089671,2.563,18.924,21.487,0.109,21.596
248,3,33089703,2.631,18.699,21.331,0.118,21.448
249,3,33089734,3.638,19.329,22.967,0.099,23.065
250,3,33089781,3.123,16.978,20.1,0.099,20.199
251,3,33089812,2.787,18.053,20.84,0.131,20.971
252,3,33089843,2.507,17.787,20.294,0.098,20.391
253,3,33089875,2.752,17.713,20.465,0.116,20.581
254,3,33089906,2.488,26.096,28.584,0.099,28.682
255,3,33089937,2.763,17.486,20.249,0.121,20.37
256,3,33089984,3.003,26.606,29.61,0.176,29.785
257,3,33090015,3.125,16.616,19.741,0.128,19.869
258,3,33090046,2.812,16.64,19.452,0.121,19.573
259,3,33090078,2.555,16.285,18.84,0.122,18.962
260,3,33090109,2.5,17.42,19.92,0.128,20.049
261,3,33090140,2.774,17.086,19.86,0.109,19.969
262,3,33090171,2.519,19.286,21.806,0.094,21.9
263,3,33090218,2.54,19.282,21.822,0.099,21.921
264,3,33090250,2.823,18.169,20.992,0.141,21.133
265,3,33090281,2.984,18.949,21.932,0.148,22.08
266,3,33090312,3.094,17.437,20.531,0.096,20.627
267,3,33090343,2.674,18.302,20.976,0.164,21.14
268,3,33090375,2.41,17.902,20.312,0.131,20.443
269,3,33090421,2.92,22.284,25.204,0.144,25.348
270,3,33090453,2.689,19.32,22.01,0.103,22.112
271,3,33090484,3.49,20.095,23.585,0.098,23.683
272,3,33090515,3.311,19.614,22.925,0.173,23.098
273,3,33090546,3.001,20.575,23.575,0.113,23.689
274,3,33090578,2.744,24.863,27.607,0.104,27.711
275,3,33090625,2.85,20.758,23.607,0.201,23.808
276,3,33090656,2.946,20.531,23.478,0.112,23.59
277,3,33090687,2.952,19.741,22.693,0.103,22.795
278,3,33090718,3.138,19.455,22.593,0.111,22.703
279,3,33090750,3.661,20.293,23.954,0.114,24.068
280,3,33090781,3.491,22.583,26.074,0.128,26.202
281,3,33090828,3.368,20.829,24.196,0.13,24.326
282,3,33090859,2.848,19.275,22.123,0.096,22.22
283,3,33090890,2.616,18.846,21.461,0.105,21.566
284,3,33090921,2.698,19.12,21.818,0.145,21.963
285,3,33090953,2.89,19.921,22.811,0.103,22.914
286,3,33090984,3.193,18.508,21.702,0.121,21.822
287,3,33091015,2.773,17.551,20.324,0.113,20.437
288,3,33091062,3.054,17.743,20.797,0.111,20.908
289,3,33091093,3.143,18.521,21.664,0.147,21.81
290,3,33091125,2.513,17.76,20.273,0.093,20.366
291,3,33091156,2.628,18.309,20.937,0.123,21.06
292,3,33091187,2.53,18.633,21.163,0.098,21.261
293,3,33091218,2.775,18.268,21.043,0.189,21.232
294,3,33091250,2.759,17.439,20.198,0.228,20.426
295,3,33091296,3.366,17.643,21.009,0.103,21.112
296,3,33091328,2.817,19.364,22.181,0.11,22.29
297,3,33091359,2.659,23.155,25.815,0.146,25.96
298,3,33091390,3.38,24.537,27.917,0.102,28.019
299,3,33091421,2.613,17.306,19.92,0.105,20.025
300,4,33091453,3.147,25.737,28.884,0.127,29.011
301,4,33091500,2.888,25.315,28.202,0.106,28.308
302,4,33091531,2.829,25.597,28.426,0.189,28.615
303,4,33091562,2.586,24.936,27.522,0.144,27.667
304,4,33091593,2.513,25.951,28.464,0.101,28.565
305,4,33091625,2.463,26.528,28.991,0.141,29.132
306,4,33091656,2.792,25.929,28.721,0.115,28.837
307,4,33091687,2.716,27.265,29.981,0.097,30.077
308,4,33091734,3.122,26.85,29.972,0.102,30.074
309,4,33091765,2.945,26.215,29.161,0.184,29.345
310,4,33091796,2.997,24.994,27.991,0.124,28.115
311,4,33091828,2.602,25.178,27.78,0.097,27.876
312,4,33091859,2.624,24.973,27.598,0.093,27.691
313,4,33091890,2.508,25.625,28.132,0.111,28.243
314,4,33091937,2.702,25.731,28.433,0.116,28.549
315,4,33091968,2.605,26.413,29.018,0.122,29.139
316,4,33092000,2.95,26.207,29.158,0.095,29.253
317,4,33092031,2.734,25.896,28.63,0.11,28.74
318,4,33092062,3.091,25.792,28.883,0.103,28.986
319,4,33092093,2.983,26.12,29.103,0.095,29.198
320,4,33092140,2.57,25.698,28.268,0.097,28.365
321,4,33092171,2.619,25.494,28.112,0.102,28.215
322,4,33092203,2.522,26.482,29.005,0.132,29.136
323,4,33092234,2.76,26.838,29.598,0.093,29.692
324,4,33092265,3.233,26.262,29.495,0.113,29.608
325,4,33092296,3.307,24.736,28.043,0.112,28.156
326,4,33092343,2.772,25.821,28.593,0.1,28.693
327,4,33092375,2.498,17.971,20.469,0.131,20.6
328,4,33092406,2.451,18.475,20.925,0.094,21.019
329,4,33092437,2.528,18.553,21.082,0.1,21.182
330,4,33092468,2.91,18.274,21.184,0.112,21.296
331,4,33092500,2.926,17.903,20.829,0.138,20.967
332,4,33092531,3.175,18.041,21.216,0.103,21.32
333,4,33092578,3.093,17.406,20.5,0.108,20.607
334,4,33092609,2.536,17.814,20.35,0.143,20.494
335,4,33092640,2.436,25.938,28.375,0.094,28.468
336,4,33092671,2.7,25.717,28.417,0.123,28.539
337,4,33092703,2.368,18.093,20.461,0.116,20.577
338,4,33092734,2.883,19.763,22.646,0.099,22.745
339,4,33092781,2.867,17.136,20.004,0.101,20.105
340,4,33092812,3.25,17.848,21.098,0.116,21.214
341,4,33092843,3.026,17.388,20.414,0.122,20.537
342,4,33092875,2.513,25.034,27.547,0.145,27.692
343,4,33092906,2.627,24.968,27.595,0.096,27.691
344,4,33092937,2.539,25.978,28.516,0.114,28.63
345,4,33092984,2.646,26.684,29.33,0.106,29.436
346,4,33093015,2.676,18.075,20.751,0.134,20.885
347,4,33093046,2.845,17.538,20.382,0.114,20.497
348,4,33093078,3.155,17.481,20.636,0.103,20.74
349,4,33093109,3.683,17.893,21.575,0.099,21.674
350,4,33093140,2.675,26.158,28.833,0.097,28.93
351,4,33093187,2.57,25.087,27.657,0.12,27.777
352,4,33093218,2.486,25.608,28.094,0.118,28.212
353,4,33093250,2.669,26.006,28.674,0.101,28.775
354,4,33093281,2.51,26.063,28.573,0.095,28.669
355,4,33093312,3.241,18.836,22.078,0.143,22.221
356,4,33093343,3.1,17.86,20.96,0.166,21.126
357,4,33093375,2.977,17.321,20.298,0.096,20.394
358,4,33093421,2.6,18.333,20.933,0.099,21.032
359,4,33093453,2.46,26.482,28.942,0.094,29.037
360,4,33093484,2.516,25.801,28.316,0.113,28.429
361,4,33093515,2.61,26.292,28.903,0.098,29.0
362,4,33093546,2.733,26.787,29.52,0.124,29.644
363,4,33093578,3.035,16.771,19.806,0.16,19.966
364,4,33093625,2.855,16.323,19.177,0.105,19.283
365,4,33093656,2.677,25.854,28.531,0.119,28.65
366,4,33093687,2.577,17.822,20.399,0.128,20.527
367,4,33093718,2.521,19.584,22.106,0.113,22.218
368,4,33093750,2.788,27.707,30.494,0.124,30.618
369,4,33093781,2.851,16.736,19.587,0.145,19.732
370,4,33093812,2.95,16.137,19.087,0.101,19.188
371,4,33093859,2.942,25.189,28.131,0.172,28.303
372,4,33093890,2.823,16.335,19.158,0.123,19.281
373,4,33093921,2.575,17.312,19.887,0.105,19.992
374,4,33093953,2.475,25.216,27.691,0.137,27.828
375,4,33093984,2.697,16.92,19.617,0.138,19.756
376,4,33094015,2.58,15.822,18.402,0.107,18.509
377,4,33094062,2.738,24.175,26.913,0.143,27.056
378,4,33094093,2.852,16.183,19.035,0.107,19.142
379,4,33094125,3.146,25.543,28.69,0.147,28.836
380,4,33094156,3.022,16.295,19.317,0.11,19.427
381,4,33094187,2.69,25.657,28.347,0.138,28.485
382,4,33094218,2.558,17.274,19.832,0.106,19.938
383,4,33094250,2.43,26.522,28.952,0.13,29.082
384,4,33094296,2.565,16.446,19.011,0.144,19.155
385,4,33094328,3.015,15.752,18.767,0.1,18.867
386,4,33094359,2.951,28.29,31.241,0.163,31.404
387,4,33094390,2.528,16.297,18.826,0.151,18.977
388,4,33094421,2.577,16.941,19.518,0.103,19.621
389,4,33094453,2.645,25.194,27.839,0.138,27.977
390,4,33094500,2.717,17.147,19.864,0.181,20.045
391,4,33094531,2.445,25.786,28.231,0.148,28.379
392,4,33094562,2.945,16.144,19.089,0.117,19.206
393,4,33094593,2.898,25.004,27.903,0.192,28.095
394,4,33094625,3.035,16.535,19.57,0.119,19.689
395,4,33094656,2.816,24.965,27.78,0.125,27.906
396,4,33094703,2.565,16.683,19.249,0.125,19.374
397,4,33094734,2.563,16.611,19.173,0.124,19.297
398,4,33094765,2.689,26.465,29.154,0.132,29.286
399,4,33094796,2.769,15.551,18.319,0.129,18.449
400,5,33094828,2.901,15.427,18.327,0.061,18.389
401,5,33094859,3.033,18.684,21.717,0.044,21.761
402,5,33094906,3.251,17.769,21.019,0.127,21.146
403,5,33094937,2.778,18.745,21.523,0.116,21.638
404,5,33094968,2.399,17.788,20.188,0.099,20.287
405,5,33095000,2.714,18.094,20.809,0.112,20.921
406,5,33095031,2.375,18.097,20.472,0.108,20.58
407,5,33095062,2.698,18.591,21.289,0.116,21.405
408,5,33095093,2.936,18.268,21.204,0.179,21.383
409,5,33095140,3.436,20.057,23.493,0.133,23.626
410,5,33095171,2.785,17.374,20.159,0.099,20.258
411,5,33095203,2.671,18.199,20.869,0.114,20.983
412,5,33095234,2.551,19.225,21.776,0.103,21.879
413,5,33095265,2.529,19.305,21.834,0.103,21.937
414,5,33095296,2.76,19.438,22.198,0.099,22.297
415,5,33095343,2.885,17.246,20.131,0.173,20.304
416,5,33095375,3.008,18.092,21.1,0.117,21.217
417,5,33095406,3.023,17.545,20.568,0.142,20.71
418,5,33095437,2.625,19.153,21.778,0.098,21.876
419,5,33095468,2.55,18.143,20.693,0.099,20.792
420,5,33095500,2.426,18.672,21.098,0.102,21.2
421,5,33095531,2.783,19.112,21.895,0.051,21.945
422,5,33095578,2.666,18.395,21.062,0.108,21.17
423,5,33095609,2.862,19.358,22.219,0.164,22.384
424,5,33095640,3.248,24.18,27.428,0.108,27.536
425,5,33095671,3.009,17.857,20.866,0.094,20.961
426,5,33095703,2.515,18.707,21.223,0.153,21.376
427,5,33095734,2.444,18.162,20.606,0.097,20.703
428,5,33095781,2.528,18.58,21.108,0.055,21.163
429,5,33095812,2.466,19.006,21.472,0.042,21.514
430,5,33095843,2.867,18.793,21.66,0.113,21.773
431,5,33095875,2.822,17.347,20.169,0.111,20.28
432,5,33095906,3.148,17.803,20.951,0.118,21.069
433,5,33095937,3.004,18.682,21.686,0.147,21.833
434,5,33095984,2.51,18.641,21.151,0.1,21.251
435,5,33096015,2.527,18.525,21.052,0.1,21.152
436,5,33096046,2.572,18.476,21.048,0.213,21.261
437,5,33096078,2.668,18.51,21.178,0.139,21.316
438,5,33096109,2.951,17.827,20.778,0.077,20.855
439,5,33096140,3.055,17.447,20.501,0.112,20.614
440,5,33096187,3.064,18.205,21.269,0.102,21.371
441,5,33096218,2.715,20.244,22.959,0.12,23.079
442,5,33096250,2.682,28.669,31.351,0.164,31.514
443,5,33096281,3.215,19.598,22.812,0.111,22.923
444,5,33096312,2.659,18.8,21.459,0.109,21.568
445,5,33096343,2.797,18.369,21.166,0.11,21.276
446,5,33096375,2.887,18.699,21.586,0.068,21.654
447,5,33096421,2.943,17.737,20.68,0.095,20.776
448,5,33096453,2.89,17.722,20.612,0.099,20.711
449,5,33096484,2.625,18.311,20.937,0.117,21.054
450,5,33096515,2.77,18.698,21.467,0.112,21.58
451,5,33096546,2.622,18.72,21.342,0.122,21.464
452,5,33096578,2.553,18.448,21.001,0.043,21.044
453,5,33096625,2.892,18.726,21.618,0.043,21.66
454,5,33096656,2.853,18.456,21.309,0.115,21.424
455,5,33096687,2.833,17.564,20.397,0.102,20.499
456,5,33096718,3.029,17.98,21.009,0.123,21.131
457,5,33096750,2.609,17.686,20.295,0.146,20.44
458,5,33096781,2.602,17.947,20.548,0.099,20.647
459,5,33096828,2.451,18.235,20.686,0.104,20.79
460,5,33096859,2.641,19.309,21.95,0.124,22.074
461,5,33096890,2.742,18.62,21.362,0.114,21.476
462,5,33096921,3.073,18.601,21.674,0.066,21.74
463,5,33096953,2.846,18.931,21.777,0.1,21.878
464,5,33096984,3.202,17.951,21.153,0.098,21.25
465,5,33097031,2.977,18.201,21.178,0.097,21.275
466,5,33097062,2.483,18.787,21.27,0.1,21.37
467,5,33097093,2.648,18.697,21.344,0.106,21.45
468,5,33097125,2.663,18.813,21.476,0.128,21.604
469,5,33097156,2.96,18.297,21.256,0.179,21.436
470,5,33097187,2.798,18.557,21.355,0.048,21.404
471,5,33097218,2.81,17.751,20.561,0.122,20.683
472,5,33097265,2.984,18.043,21.027,0.149,21.176
473,5,33097296,2.673,18.595,21.268,0.095,21.364
474,5,33097328,2.476,18.71,21.187,0.101,21.287
475,5,33097359,2.699,19.037,21.735,0.117,21.852
476,5,33097390,2.671,18.852,21.522,0.06,21.583
477,5,33097421,2.769,17.969,20.738,0.044,20.783
478,5,33097453,2.805,17.521,20.327,0.097,20.424
479,5,33097500,2.595,17.342,19.937,0.112,20.049
480,5,33097531,2.732,18.489,21.222,0.122,21.344
481,5,33097562,2.397,19.125,21.521,0.103,21.624
482,5,33097593,2.61,18.055,20.664,0.172,20.837
483,5,33097625,2.723,17.802,20.525,0.125,20.65
484,5,33097656,3.052,19.056,22.108,0.103,22.211
485,5,33097703,3.139,17.269,20.409,0.109,20.518
486,5,33097734,2.677,18.82,21.497,0.047,21.544
487,5,33097765,2.595,21.487,24.082,0.136,24.218
488,5,33097796,2.595,18.706,21.302,0.13,21.432
489,5,33097828,2.862,18.191,21.053,0.135,21.188
490,5,33097859,2.794,19.011,21.805,0.098,21.903
491,5,33097906,2.962,18.993,21.954,0.125,22.079
492,5,33097937,2.87,18.112,20.982,0.209,21.191
493,5,33097968,2.919,18.624,21.543,0.102,21.645
494,5,33098000,2.844,18.703,21.548,0.048,21.596
495,5,33098031,2.545,18.467,21.012,0.099,21.112
496,5,33098062,2.576,20.14,22.717,0.165,22.882
497,5,33098093,2.688,17.939,20.627,0.099,20.727
498,5,33098140,3.009,18.283,21.292,0.103,21.395
499,5,33098171,2.925,18.145,21.07,0.12,21.19
500,6,33098203,2.625,17.528,20.154,0.044,20.197
501,6,33098234,3.174,9.613,12.786,0.05,12.836
502,6,33098265,2.682,10.459,13.141,0.048,13.189
503,6,33098296,2.499,18.909,21.408,0.041,21.449
504,6,33098343,3.024,18.432,21.456,0.05,21.506
505,6,33098375,2.816,18.667,21.483,0.1,21.583
506,6,33098406,2.944,18.535,21.479,0.143,21.621
507,6,33098437,3.107,26.349,29.456,0.107,29.563
508,6,33098468,2.955,18.197,21.152,0.045,21.197
509,6,33098500,2.699,17.962,20.661,0.139,20.799
510,6,33098531,2.673,25.964,28.637,0.099,28.736
511,6,33098578,2.632,25.992,28.624,0.115,28.739
512,6,33098609,2.7,26.002,28.702,0.104,28.806
513,6,33098640,3.183,17.871,21.054,0.116,21.17
514,6,33098671,2.88,18.3,21.18,0.112,21.292
515,6,33098703,3.075,18.379,21.454,0.124,21.578
516,6,33098734,2.635,27.326,29.962,0.104,30.066
517,6,33098781,2.412,26.028,28.44,0.047,28.486
518,6,33098812,2.631,18.165,20.796,0.119,20.915
519,6,33098843,2.901,18.401,21.302,0.05,21.352
520,6,33098875,2.744,18.602,21.346,0.05,21.396
521,6,33098906,2.802,17.705,20.508,0.068,20.576
522,6,33098937,2.897,17.417,20.314,0.045,20.358
523,6,33098984,3.017,18.241,21.258,0.121,21.379
524,6,33099015,2.708,18.056,20.763,0.124,20.887
525,6,33099046,2.464,25.431,27.895,0.104,27.999
526,6,33099078,2.636,25.618,28.254,0.115,28.369
527,6,33099109,2.658,25.66,28.318,0.092,28.41
528,6,33099140,2.83,25.864,28.694,0.118,28.813
529,6,33099187,2.797,26.08,28.877,0.107,28.985
530,6,33099218,2.824,27.152,29.976,0.109,30.084
531,6,33099250,2.79,25.853,28.643,0.175,28.818
532,6,33099281,2.96,16.709,19.669,0.113,19.782
533,6,33099312,2.722,17.667,20.389,0.146,20.535
534,6,33099343,2.447,25.511,27.958,0.096,28.054
535,6,33099390,2.664,27.024,29.688,0.147,29.835
536,6,33099421,2.767,26.247,29.013,0.173,29.187
537,6,33099453,2.797,18.972,21.769,0.044,21.813
538,6,33099484,2.968,10.593,13.56,0.071,13.632
539,6,33099515,2.936,17.396,20.332,0.043,20.375
540,6,33099546,2.89,17.568,20.458,0.048,20.506
541,6,33099578,2.635,18.211,20.846,0.113,20.959
542,6,33099625,2.546,18.391,20.936,0.103,21.039
543,6,33099656,2.804,26.517,29.32,0.097,29.417
544,6,33099687,3.221,18.388,21.608,0.049,21.658
545,6,33099718,2.639,25.845,28.483,0.043,28.526
546,6,33099750,3.056,17.679,20.735,0.238,20.973
547,6,33099781,3.26,25.678,28.938,0.105,29.042
548,6,33099828,2.625,25.309,27.934,0.106,28.04
549,6,33099859,2.826,18.41,21.236,0.101,21.337
550,6,33099890,2.492,18.851,21.343,0.105,21.448
551,6,33099921,2.891,19.089,21.98,0.108,22.088
552,6,33099953,3.144,18.687,21.831,0.046,21.877
553,6,33099984,2.882,18.628,21.51,0.063,21.572
554,6,33100015,2.789,17.039,19.828,0.1,19.928
555,6,33100062,2.874,17.508,20.381,0.053,20.434
556,6,33100093,2.62,18.317,20.937,0.11,21.047
557,6,33100125,3.292,26.674,29.966,0.103,30.069
558,6,33100156,2.616,18.7,21.317,0.04,21.357
559,6,33100187,2.665,18.994,21.659,0.041,21.7
560,6,33100218,2.98,29.73,32.71,0.062,32.773
561,6,33100265,3.491,21.897,25.387,0.15,25.537
562,6,33100296,2.978,25.883,28.86,0.152,29.012
563,6,33100328,2.831,27.651,30.481,0.165,30.647
564,6,33100359,2.478,25.84,28.318,0.101,28.419
565,6,33100390,2.43,27.846,30.275,0.103,30.378
566,6,33100421,2.811,19.271,22.082,0.045,22.128
567,6,33100468,3.026,17.553,20.579,0.109,20.688
568,6,33100500,2.892,17.491,20.383,0.137,20.521
569,6,33100531,2.92,17.14,20.06,0.1,20.16
570,6,33100562,2.487,18.117,20.605,0.045,20.65
571,6,33100593,2.695,18.091,20.786,0.1,20.886
572,6,33100625,2.449,27.468,29.917,0.124,30.041
573,6,33100656,2.71,18.249,20.96,0.048,21.007
574,6,33100703,2.743,19.004,21.748,0.134,21.881
575,6,33100734,2.918,27.51,30.428,0.067,30.495
576,6,33100765,3.092,17.344,20.437,0.06,20.497
577,6,33100796,2.906,17.575,20.481,0.04,20.521
578,6,33100828,2.522,18.495,21.017,0.105,21.121
579,6,33100859,2.807,26.603,29.41,0.108,29.518
580,6,33100906,2.473,18.733,21.206,0.052,21.258
581,6,33100937,2.593,26.663,29.257,0.104,29.361
582,6,33100968,2.605,27.469,30.074,0.112,30.186
583,6,33101000,3.204,26.624,29.829,0.132,29.96
584,6,33101031,3.063,26.96,30.023,0.121,30.143
585,6,33101062,3.37,18.124,21.495,0.114,21.608
586,6,33101109,2.522,17.898,20.42,0.108,20.528
587,6,33101140,2.937,18.016,20.953,0.052,21.006
588,6,33101171,2.712,18.835,21.547,0.109,21.656
589,6,33101203,2.627,26.55,29.177,0.123,29.299
590,6,33101234,2.623,19.88,22.503,0.05,22.554
591,6,33101265,2.664,9.648,12.312,0.044,12.355
592,6,33101312,3.176,10.126,13.302,0.045,13.347
593,6,33101343,3.186,17.857,21.042,0.047,21.09
594,6,33101375,2.822,18.061,20.883,0.041,20.924
595,6,33101406,2.739,18.785,21.524,0.041,21.565
596,6,33101437,2.528,18.654,21.182,0.101,21.283
597,6,33101468,2.66,27.239,29.899,0.11,30.008
598,6,33101500,3.01,28.126,31.137,0.096,31.233
599,6,33101546,3.232,27.806,31.037,0.119,31.157
600,7,33101578,3.291,25.171,28.462,0.111,28.573
601,7,33101609,3.134,25.708,28.842,0.178,29.019
602,7,33101640,2.792,17.947,20.738,0.133,20.872
603,7,33101671,2.555,17.51,20.066,0.147,20.212
604,7,33101703,2.623,17.251,19.874,0.163,20.037
605,7,33101750,2.675,16.318,18.993,0.162,19.155
606,7,33101781,2.751,16.198,18.95,0.165,19.115
607,7,33101812,2.967,16.353,19.32,0.132,19.451
608,7,33101843,2.79,16.313,19.103,0.147,19.25
609,7,33101875,3.021,16.641,19.662,0.176,19.839
610,7,33101906,2.649,16.493,19.142,0.139,19.281
611,7,33101937,2.553,17.259,19.812,0.148,19.96
612,7,33101984,2.702,17.386,20.088,0.159,20.247
613,7,33102015,2.732,19.854,22.586,0.153,22.74
614,7,33102046,3.333,16.012,19.345,0.134,19.479
615,7,33102078,3.385,16.348,19.733,0.14,19.873
616,7,33102109,3.219,17.526,20.745,0.141,20.886
617,7,33102140,2.602,17.427,20.03,0.124,20.153
618,7,33102187,2.357,18.617,20.974,0.169,21.144
619,7,33102218,2.574,18.291,20.865,0.156,21.022
620,7,33102250,2.755,16.65,19.405,0.15,19.555
621,7,33102281,3.265,16.432,19.697,0.128,19.825
622,7,33102312,3.207,16.323,19.53,0.132,19.662
623,7,33102343,2.778,16.953,19.731,0.136,19.866
624,7,33102390,2.943,16.538,19.481,0.175,19.656
625,7,33102421,2.753,18.105,20.857,0.135,20.993
626,7,33102453,2.593,16.8,19.394,0.172,19.566
627,7,33102484,2.515,15.752,18.267,0.139,18.407
628,7,33102515,3.476,18.642,22.118,0.159,22.278
629,7,33102546,2.632,18.532,21.165,0.147,21.312
630,7,33102578,3.172,16.655,19.826,0.134,19.961
631,7,33102625,3.045,16.796,19.841,0.132,19.973
632,7,33102656,2.75,18.15,20.899,0.129,21.028
633,7,33102687,2.497,18.146,20.644,0.162,20.806
634,7,33102718,2.759,17.582,20.341,0.198,20.539
635,7,33102750,2.705,18.081,20.786,0.206,20.992
636,7,33102781,2.948,16.944,19.893,0.144,20.036
637,7,33102828,2.782,16.282,19.064,0.174,19.239
638,7,33102859,3.111,16.526,19.637,0.12,19.757
639,7,33102890,2.597,16.384,18.982,0.17,19.152
640,7,33102921,2.485,17.655,20.14,0.13,20.27
641,7,33102953,2.651,17.591,20.242,0.158,20.4
642,7,33102984,2.626,17.373,19.999,0.137,20.136
643,7,33103015,2.72,16.45,19.17,0.187,19.357
644,7,33103062,3.359,17.603,20.962,0.2,21.162
645,7,33103093,3.505,16.739,20.245,0.128,20.372
646,7,33103125,3.206,16.965,20.17,0.128,20.298
647,7,33103156,2.926,16.888,19.814,0.125,19.939
648,7,33103187,2.62,17.42,20.04,0.129,20.169
649,7,33103218,2.388,18.244,20.632,0.15,20.782
650,7,33103265,2.506,18.304,20.81,0.137,20.947
651,7,33103296,2.657,16.39,19.047,0.143,19.19
652,7,33103328,2.881,17.013,19.894,0.161,20.054
653,7,33103359,2.962,16.726,19.688,0.153,19.841
654,7,33103390,3.551,22.332,25.882,0.137,26.02
655,7,33103421,3.318,19.778,23.096,0.148,23.244
656,7,33103468,2.579,18.47,21.049,0.143,21.192
657,7,33103500,2.622,18.319,20.941,0.204,21.145
658,7,33103531,2.812,16.076,18.888,0.158,19.046
659,7,33103562,2.865,17.777,20.642,0.139,20.782
660,7,33103593,3.101,17.265,20.367,0.128,20.495
661,7,33103625,3.025,16.304,19.33,0.213,19.542
662,7,33103656,2.759,16.926,19.686,0.133,19.819
663,7,33103703,2.764,17.734,20.498,0.139,20.637
664,7,33103734,2.48,16.843,19.322,0.15,19.472
665,7,33103765,2.644,16.993,19.637,0.183,19.82
666,7,33103796,2.901,16.481,19.382,0.159,19.542
667,7,33103828,3.152,16.753,19.905,0.167,20.072
668,7,33103859,2.982,19.042,22.024,0.22,22.244
669,7,33103906,2.995,17.324,20.319,0.131,20.45
670,7,33103937,2.78,16.857,19.636,0.165,19.802
671,7,33103968,2.51,17.625,20.135,0.193,20.328
672,7,33104000,2.58,17.247,19.826,0.143,19.969
673,7,33104031,2.778,16.505,19.283,0.169,19.452
674,7,33104062,2.936,16.69,19.625,0.183,19.809
675,7,33104109,3.149,16.414,19.563,0.17,19.733
676,7,33104140,3.107,17.36,20.467,0.127,20.594
677,7,33104171,2.94,18.405,21.344,0.124,21.468
678,7,33104203,2.553,16.481,19.034,0.162,19.196
679,7,33104234,2.658,17.718,20.376,0.233,20.61
680,7,33104265,2.684,16.612,19.295,0.197,19.493
681,7,33104312,3.165,16.512,19.677,0.196,19.874
682,7,33104343,2.88,18.39,21.27,0.296,21.566
683,7,33104375,3.05,16.114,19.163,0.149,19.312
684,7,33104406,2.957,16.716,19.673,0.148,19.821
685,7,33104437,2.819,17.444,20.263,0.155,20.418
686,7,33104468,2.502,19.235,21.737,0.146,21.884
687,7,33104500,2.716,17.023,19.739,0.173,19.912
688,7,33104546,2.959,17.949,20.908,0.146,21.054
689,7,33104578,2.763,16.675,19.438,0.153,19.591
690,7,33104609,2.985,17.257,20.241,0.161,20.403
691,7,33104640,2.871,16.267,19.137,0.15,19.288
692,7,33104671,2.821,16.837,19.658,0.143,19.801
693,7,33104703,2.515,17.571,20.086,0.141,20.226
694,7,33104750,2.734,17.199,19.933,0.191,20.124
695,7,33104781,2.777,16.836,19.613,0.156,19.769
696,7,33104812,3.141,16.611,19.753,0.155,19.908
697,7,33104843,3.065,16.794,19.86,0.163,20.022
698,7,33104875,2.989,17.126,20.116,0.176,20.291
699,7,33104906,2.86,16.482,19.342,0.128,19.47
700,8,33104937,2.636,16.516,19.152,0.061,19.213
701,8,33104984,2.548,20.2,22.749,0.045,22.794
702,8,33105015,2.727,19.58,22.306,0.04,22.347
703,8,33105046,2.797,18.875,21.672,0.044,21.716
704,8,33105078,2.988,18.219,21.207,0.053,21.259
705,8,33105109,3.412,19.371,22.783,0.1,22.883
706,8,33105140,3.047,18.417,21.464,0.054,21.518
707,8,33105187,2.895,18.363,21.258,0.049,21.307
708,8,33105218,2.603,20.142,22.745,0.069,22.814
709,8,33105250,2.471,18.827,21.297,0.066,21.363
710,8,33105281,2.585,19.121,21.706,0.047,21.753
711,8,33105312,2.855,18.962,21.817,0.043,21.86
712,8,33105343,2.844,20.107,22.951,0.047,22.998
713,8,33105390,2.931,17.868,20.799,0.047,20.846
714,8,33105421,2.974,18.266,21.239,0.071,21.311
715,8,33105453,3.088,18.058,21.146,0.047,21.192
716,8,33105484,2.516,19.247,21.763,0.042,21.805
717,8,33105515,2.588,18.36,20.948,0.044,20.992
718,8,33105546,2.671,18.7,21.371,0.044,21.415
719,8,33105593,2.727,18.36,21.086,0.063,21.15
720,8,33105625,3.152,17.966,21.118,0.059,21.177
721,8,33105656,3.253,18.625,21.878,0.077,21.955
722,8,33105687,3.137,18.13,21.267,0.045,21.312
723,8,33105718,2.896,20.26,23.156,0.042,23.198
724,8,33105750,2.546,19.433,21.979,0.044,22.023
725,8,33105781,2.516,18.898,21.413,0.05,21.463
726,8,33105828,2.664,18.756,21.42,0.046,21.465
727,8,33105859,3.118,18.997,22.115,0.058,22.173
728,8,33105890,3.046,18.692,21.738,0.054,21.792
729,8,33105921,3.239,18.598,21.837,0.101,21.938
730,8,33105953,2.634,18.181,20.815,0.04,20.854
731,8,33105984,2.606,19.505,22.112,0.058,22.169
732,8,33106015,2.657,18.5,21.157,0.053,21.211
733,8,33106062,2.639,18.358,20.997,0.044,21.041
734,8,33106093,2.937,19.143,22.08,0.046,22.126
735,8,33106125,3.874,19.689,23.563,0.08,23.643
736,8,33106156,2.967,17.797,20.764,0.049,20.813
737,8,33106187,2.92,17.96,20.88,0.049,20.929
738,8,33106218,2.483,26.283,28.766,0.109,28.874
739,8,33106265,3.287,21.874,25.16,0.066,25.226
740,8,33106296,2.786,19.918,22.703,0.049,22.752
741,8,33106328,2.79,18.915,21.705,0.042,21.747
742,8,33106359,3.159,18.683,21.842,0.056,21.899
743,8,33106390,3.075,17.578,20.653,0.05,20.703
744,8,33106421,2.802,18.85,21.652,0.039,21.691
745,8,33106468,2.602,19.353,21.956,0.054,22.01
746,8,33106500,2.828,19.078,21.906,0.044,21.95
747,8,33106531,2.84,19.487,22.327,0.054,22.382
748,8,33106562,2.67,19.027,21.697,0.046,21.744
749,8,33106593,2.855,19.172,22.027,0.067,22.094
750,8,33106625,3.189,19.358,22.547,0.045,22.592
751,8,33106656,2.814,18.215,21.029,0.053,21.083
752,8,33106703,2.626,18.928,21.555,0.041,21.595
753,8,33106734,2.495,17.739,20.234,0.053,20.288
754,8,33106765,2.431,18.496,20.927,0.044,20.97
755,8,33106796,2.711,18.375,21.086,0.05,21.136
756,8,33106828,2.851,18.155,21.005,0.069,21.075
757,8,33106859,2.983,18.787,21.77,0.056,21.826
758,8,33106906,2.888,18.092,20.98,0.05,21.029
759,8,33106937,2.92,18.005,20.925,0.061,20.985
760,8,33106968,2.54,18.961,21.501,0.045,21.546
761,8,33107000,2.66,18.293,20.953,0.046,20.999
762,8,33107031,2.489,19.47,21.959,0.059,22.018
763,8,33107062,3.234,19.097,22.331,0.047,22.378
764,8,33107093,2.952,19.782,22.734,0.067,22.801
765,8,33107140,2.948,17.595,20.543,0.041,20.584
766,8,33107171,2.679,19.654,22.333,0.088,22.42
767,8,33107203,2.486,18.769,21.255,0.044,21.299
768,8,33107234,2.492,18.75,21.242,0.091,21.333
769,8,33107265,2.54,19.319,21.859,0.056,21.915
770,8,33107296,2.824,18.811,21.634,0.045,21.68
771,8,33107343,2.972,18.442,21.414,0.117,21.531
772,8,33107375,3.18,19.047,22.227,0.049,22.275
773,8,33107406,2.865,17.759,20.625,0.044,20.668
774,8,33107437,2.538,18.903,21.441,0.066,21.507
775,8,33107468,2.589,18.451,21.04,0.043,21.083
776,8,33107500,2.751,18.609,21.36,0.108,21.468
777,8,33107531,3.294,17.9,21.194,0.045,21.238
778,8,33107578,2.926,18.661,21.587,0.05,21.637
779,8,33107609,2.854,18.428,21.282,0.05,21.332
780,8,33107640,2.995,19.491,22.487,0.12,22.607
781,8,33107671,2.69,18.365,21.055,0.046,21.101
782,8,33107703,2.517,19.271,21.788,0.042,21.83
783,8,33107734,2.577,18.216,20.793,0.065,20.859
784,8,33107781,2.666,19.281,21.947,0.059,22.006
785,8,33107812,2.902,19.184,22.086,0.044,22.131
786,8,33107843,3.056,18.129,21.185,0.068,21.254
787,8,33107875,3.079,19.232,22.311,0.048,22.359
788,8,33107906,2.872,17.842,20.713,0.042,20.755
789,8,33107937,2.434,18.65,21.084,0.058,21.142
790,8,33107968,2.627,18.628,21.254,0.067,21.321
791,8,33108015,2.558,18.786,21.344,0.051,21.395
792,8,33108046,2.722,18.842,21.564,0.048,21.612
793,8,33108078,2.929,18.069,20.999,0.048,21.047
794,8,33108109,3.033,17.964,20.997,0.048,21.045
795,8,33108140,2.707,17.754,20.461,0.045,20.506
796,8,33108171,2.661,18.277,20.938,0.113,21.05
797,8,33108218,2.509,18.388,20.897,0.04,20.937
798,8,33108250,2.967,19.057,22.024,0.041,22.065
799,8,33108281,2.786,18.299,21.085,0.064,21.149
